,MPA_Code,Area,Cover,Cover/Area
0,HR2000604,34.0046,3.9607,0.116475418032
1,HR3000001,6.731,0.77,0.114396077849
3,HR3000032,0.1847,0.005,0.0270709258257
4,HR3000033,1.5402,0.08,0.0519413063239
5,HR3000053,9.8852,0.3,0.0303483996277
6,HR3000065,1.0147,0.3,0.295653887849
7,HR3000004,3.2476,2.0,0.615839389087
8,HR3000005,6.6254,1.36,0.20527062517
9,HR3000016,5.4192,1.63,0.300782403307
10,HR3000074,11.1075,2.2,0.198064370921
11,HR3000018,9.8313,2.7957,0.284367275945
12,HR3000076,0.7891,0.24,0.304143961475
13,HR3000021,6.9299,0.6568,0.0947777024199
14,HR3000092,0.1629,0.1,0.61387354205
15,HR3000029,5.2448,2.0,0.381330079317
16,HR3000037,0.2308,0.005,0.0216637781629
17,HR3000054,9.9103,1.5,0.151357678375
18,HR3000094,4.885,1.45,0.296827021494
19,HR3000100,1.1306,0.34,0.300725278613
20,HR3000101,0.368,0.165,0.448369565217
21,HR3000062,12.8599,1.0,0.0777611023414
22,HR3000105,0.0452,0.03,0.663716814159
23,HR3000066,5.7191,1.7,0.29724956724
24,HR3000107,0.7757,0.05,0.0644579089854
25,HR3000069,4.3855,0.754,0.171930224604
26,HR3000111,0.2977,0.014,0.0470272085993
27,HR3000114,0.6649,0.1,0.150398556174
28,HR3000115,1.7337,0.5,0.288400530657
29,HR3000127,6.8407,0.69,0.10086687035
30,HR3000078,0.34,0.034,0.1
31,HR3000153,19.032,5.7,0.299495586381
32,HR3000164,0.2701,0.055,0.20362828582
33,HR3000106,0.0664,0.025,0.376506024096
34,HR3000280,0.0078,0.001,0.128205128205
35,HR3000108,1.5506,0.18,0.116084096479
36,HR3000112,0.8248,0.33,0.40009699321
37,HR3000116,2.8335,0.74,0.26116110817
38,HR3000119,4.926,1.0,0.203004466098
39,HR3000438,1.2957,0.6,0.463070155129
40,HR3000122,0.8894,0.18,0.202383629413
41,HR3000440,2.9809,0.9,0.30192223825
42,HR3000443,5.1528,1.0,0.194069243906
43,HR3000445,5.9601,1.5,0.251673629637
44,HR3000452,1.0789,0.3,0.278060988043
45,HR3000133,2.8566,0.85,0.297556535742
46,HR3000455,1.9083,0.67,0.35109783577
47,HR3000463,0.2177,0.04,0.183739090492
48,HR4000001,215.7114,3.18,0.0147419190641
49,HR3000437,0.5941,0.18,0.302979296415
50,HR3000451,2.3022,0.7,0.304056988967
51,HR3000456,2.7809,0.8,0.287676651444
52,HR4000028,67.7814,6.0,0.0885198594305
53,HR3000046,0.665,0.2,0.300751879699
54,HR3000051,1.3297,0.53,0.398586147251
55,HR3000058,3.7852,1.14,0.301172989538
56,HR3000473,2.0093,0.7,0.348380032847
57,HR5000038,195.7221,5.55,0.0283565320421
58,HR3000040,3.6823,1.1,0.298726339516
59,HR3000041,3.5528,1.0,0.281468137807
60,HR3000042,2.8504,0.4,0.140331181589
61,HR3000172,42.6283,10.0,0.234585944079
62,HR3000173,21.7547,2.34,0.107562963406
63,PLC990001,800.5025,480.3018,0.600000374765
64,HR3000002,1.7155,0.5,0.291460215681
65,HR3000017,3.5375,0.6449,0.182303886926
66,HR3000022,9.6409,1.5141,0.157049653041
67,HR3000035,0.3676,0.02,0.0544069640914
68,HR3000036,0.1532,0.015,0.097911227154
69,HR3000061,2.9468,0.23,0.0780507669336
70,HR3000071,0.379,0.11,0.290237467018
71,HR3000079,0.1669,0.05,0.299580587178
72,HR3000089,1.8998,0.47,0.247394462575
73,HR3000090,0.5661,0.14,0.247306129659
74,HR3000098,7.894,2.35,0.297694451482
75,HR3000099,15.0092,4.0,0.266503211364
76,HR3000102,0.1607,0.085,0.528935905414
77,HR3000124,0.0645,0.02,0.31007751938
78,HR3000143,2.2816,0.56,0.245441795231
79,HR3000003,8.8219,0.16,0.018136682574
80,HR3000007,75.0187,6.68,0.0890444649134
81,HR3000031,0.4922,0.09,0.182852498984
82,HR3000279,0.0078,0.001,0.128205128205
83,HR3000034,0.1925,0.015,0.0779220779221
84,HR3000068,0.4067,0.2,0.491762970248
85,HR3000070,6.63,0.46,0.0693815987934
86,HR3000095,19.966,1.97,0.0986677351498
87,HR3000097,29.7742,4.43,0.148786533307
88,HR3000103,0.0926,0.054,0.583153347732
89,HR3000104,0.0825,0.037,0.448484848485
90,HR3000439,0.473,0.07,0.14799154334
91,HR3000109,0.3754,0.07,0.186467767714
92,HR3000110,2.0019,0.4,0.199810180329
93,HR3000442,7.2944,1.8,0.246764641369
94,HR3000113,0.0501,0.015,0.299401197605
95,HR3000444,0.8569,0.17,0.198389543704
96,HR3000121,4.0544,0.8,0.197316495659
97,HR3000123,0.303,0.042,0.138613861386
98,HR3000125,0.163,0.046,0.282208588957
99,HR3000466,2.2243,0.67,0.301218360833
100,HR3000135,1.0524,0.32,0.304066894717
101,HR3000477,10.7833,10.78,0.999693971233
102,HR3000152,6.3903,0.6,0.0938923055256
103,HR4000025,2.4396,0.36,0.147565174619
104,HR3000170,13.7058,3.4,0.248070160078
105,HR3000419,580.4837,13.0,0.0223951163487
106,HR3000431,1.2081,0.17,0.140716828077
107,HR3000050,3.605,1.0,0.277392510402
108,HR3000060,5.2256,0.12,0.0229638701776
109,HR3000179,12.1795,3.6,0.295578636233
110,PLH220105,3.3568,0.7829,0.233228074357
111,HR3000461,0.099,0.017,0.171717171717
112,HR3000462,1.2496,0.173,0.138444302177
113,HR3000454,1.0097,0.15,0.148558977914
114,HR3000464,2.3491,0.7,0.297986462901
115,HR3000471,0.8682,0.28,0.322506334946
116,HR3000465,3.8744,0.57,0.147119553995
117,HR3000467,0.7122,0.56,0.786295984274
118,HR3000474,0.2777,0.16,0.576161325171
119,HR4000002,69.9928,0.53,0.00757220742705
120,HR4000015,57.1724,3.25,0.0568456108192
121,HR4000017,1.196,0.28,0.234113712375
122,FI1400054,8.03,0.08,0.00996264009963
123,HR5000037,52.8753,2.8,0.0529547822897
124,FI0100005,526.3,5.0,0.00950028500855
125,FI0100078,657.75,12.0,0.018244013683
126,FI0100106,74.68,2.2,0.0294590251741
127,FI0200047,2.39,0.07,0.0292887029289
128,FI0200071,1.56,0.02,0.0128205128205
129,FI0200073,53.5,0.5,0.00934579439252
130,FI0200074,76.02,2.3,0.0302551960011
131,FI0200193,3.76,0.003,0.000797872340426
132,FI0200065,5.71,0.17,0.0297723292469
133,FI0200075,32.94,0.3,0.00910746812386
134,FI0200076,31.51,0.6,0.0190415741035
135,HR3000470,0.2278,0.17,0.746268656716
136,HR3000472,0.5312,0.17,0.320030120482
137,FI0200077,30.73,1.5,0.0488122356004
138,FI0200172,3.64,0.29,0.0796703296703
139,FI0400002,44.52,13.0,0.29200359389
140,SI3000307,0.15,0.078,0.52
141,PLH220023,329.553,4.0206,0.0122001620377
142,MT0000102,24.5051,2.2398,0.0914013817532
143,MT0000105,155.1938,0.4501,0.00290024472627
144,FI0800130,1281.62,0.001,7.80262480298e-07
145,BG0000103,18.4297,2.0161,0.109394075867
146,BG0000146,12.4585,0.9592,0.0769916121523
147,FI1400035,7.59,3.8,0.500658761528
148,FI1400047,210.3,4.0,0.0190204469805
149,BG0000573,483.4011,120.6706,0.249628310734
150,BG0000574,39.2838,0.0321734,0.000818999180324
151,FI0100017,2.03,0.02,0.00985221674877
152,BG0001004,167.9459,7.4539,0.0443827446815
153,BG0001007,1535.412,350.0905,0.228010787984
154,BG0001500,6.6964,5.2226,0.779911594289
155,FI0200033,10.61,3.7,0.348727615457
156,FI0100026,17.5,2.1,0.12
157,FI1400055,7.16,7.16,1.0
158,FI0100006,25.66,1.3,0.0506625097428
159,FI0200072,569.92,6.0,0.0105277933745
160,FI0200090,497.35,10.0,0.0201065647934
161,FI0200146,3.41,0.51,0.149560117302
162,FI0408001,956.28,8.9294,0.0093376416949
163,SI3000249,0.5558,0.067,0.120546959338
164,MT0000101,8.4872,1.3597,0.160205957206
165,BG0000620,20.8515,0.0896614,0.00429999760209
166,BG0001001,980.9976,613.6045,0.625490317204
167,BG0001501,553.4528,553.4528,1.0
168,FI0100077,182.19,3.6,0.0197595916351
169,FI0100107,110.98,12.0,0.108127590557
170,FI0200062,10.56,0.1,0.0094696969697
171,FI0200064,46.87,0.9,0.0192020482185
172,FI0400001,20.36,3.1,0.152259332024
173,CY3000005,18.7586,0.56276,0.0300001066178
174,CY4000006,2.0,0.72,0.36
175,EE0010173,747.84,4.41,0.00589698331194
177,SE0110015,3.899,0.016,0.00410361631187
178,LTNER0006,250.41,98.04,0.391517910627
179,SE0220028,111.045,9.4949,0.0855049754604
180,CY3000006,1.9101,0.19101,0.1
181,CY5000005,24.8863,2.48,0.0996532228576
182,EE0040412,140.902,1.28,0.00908432811458
183,EE0040141,26.884,4.94,0.183752417795
184,MT0000022,0.1075,0.0002,0.00186046511628
185,MT0000024,23.1725,0.0012,5.17855216312e-05
186,MT0000103,2.2861,0.2613,0.114299461966
187,MT0000104,0.3056,0.0144,0.0471204188482
188,EE0040499,9.838,1.5,0.152470014231
189,EE0040500,147.277,2.05,0.0139193492534
190,EE0060220,24.433,1.41,0.0577088364098
191,SE0230142,4.15,0.3266,0.0786987951807
192,SE0230328,18.329,0.526,0.0286976921818
193,SE0330119,7.414,0.57,0.0768815753979
194,BEMNZ0001,1099.399,506.0,0.460251464664
195,SE0110002,14.941,0.084,0.00562211364701
196,SE0110041,1.949,0.19,0.0974858902001
197,SE0110085,41.844,3.087,0.0737740177803
198,SE0330186,9.794,0.79,0.0806616295691
199,SE0330205,1.582,0.163,0.103034134008
200,SE0110111,20.765,7.906,0.380736816759
202,SE0340023,11.768,1.623,0.137916383413
204,SE0340098,5.35,0.0064,0.00119626168224
205,ROSCI0311,353.767,50.5,0.142749323707
206,SE0340149,0.369,0.0077,0.0208672086721
207,SE0410068,88.648,20.923,0.236023373342
208,SE0410124,3.019,0.5378,0.178138456443
209,SE0420002,18.344,0.547,0.0298190143916
210,SE0420138,2.164,0.146,0.0674676524954
211,SE0420274,5.162,0.03,0.00581170089113
212,SE0230138,62.791,2.83,0.0450701533659
213,SE0430099,1.431,0.068,0.0475192173305
214,SE0230140,2.25,0.1166,0.0518222222222
215,SE0230261,3.084,0.477,0.1546692607
216,SE0230266,0.508,0.1325,0.260826771654
217,SE0430147,12.8,1.807,0.141171875
218,SE0510050,80.08,10.0,0.124875124875
219,SE0510058,78.629,0.8,0.0101743631485
220,SE0230394,2.195,0.174,0.079271070615
221,SE0510187,5.658,1.0515,0.185843054083
222,SE0520012,11.87,0.33,0.027801179444
223,SE0520037,7.748,0.155,0.0200051626226
224,SE0520043,70.853,3.59,0.0506682850409
225,SE0520048,21.448,0.039,0.00181835136143
226,SE0520057,6.992,4.06,0.580663615561
227,SE0520058,17.976,12.066,0.671228304406
228,SE0520147,4.351,0.013,0.00298781889221
229,SE0520150,82.741,3.331,0.0402581549655
230,SE0520171,113.95,28.121,0.246783677051
231,SE0520175,10.61,0.172,0.0162111215834
232,SE0330052,20.011,0.02,0.000999450302334
233,SE0330063,9.46,0.899,0.0950317124736
234,SE0330106,4.522,0.243,0.0537372843874
235,SE0330122,2.658,0.525,0.197516930023
236,SE0330164,8.75,0.939,0.107314285714
237,SE0330172,7.845,0.982,0.125175270873
238,SE0330174,88.669,29.31,0.330555210953
239,SE0330180,0.963,0.101,0.104880581516
240,SE0330190,12.61,0.241,0.019111816019
241,LTPAL0001,126.34,11.97,0.094744340668
242,SE0330206,1.312,0.152,0.115853658537
243,SE0330264,11.189,3.501,0.31289659487
244,SE0330308,10511.113,200.0,0.0190274807244
245,SE0410099,11.51,0.215,0.0186794092094
246,SE0410134,3.006,0.226,0.0751829673985
247,SE0410158,2.477,0.552,0.222850222043
248,SE0410163,4.92,2.255,0.458333333333
249,SE0410174,1.145,0.028,0.0244541484716
250,SE0420134,3.981,0.199,0.0499874403416
251,EE0010129,205.748,0.14,0.000680444038338
252,EE0010171,24.491,0.001,4.08313257931e-05
253,SE0420275,15.857,0.097,0.00611717222678
254,EE0040432,45.018,3.29,0.0730818783598
255,EE0040476,135.521,0.66,0.00487009393378
256,SE0510039,2.203,0.0441,0.0200181570586
257,EE0040129,45.08,2.63,0.0583407275954
258,SE0810001,57.964,1.5,0.0258781312539
259,SE0810002,3.961,0.8,0.201969199697
260,SE0810034,9.548,0.5,0.0523669878509
261,EE0040490,12.673,1.67,0.131776217155
262,SE0510082,3.203,0.1,0.0312207305651
264,SE0510126,178.402,35.73,0.200278023789
265,SE0520001,70.034,15.843,0.226218693777
266,SE0520020,14.846,0.1487,0.0100161659706
267,SE0520034,48.373,1.382,0.0285696566266
268,SE0810456,0.871,0.05,0.0574052812859
269,SE0520126,8.91,0.0294,0.00329966329966
270,SE0810519,43.374,11.0,0.253608152349
271,SE0820004,41.834,19.627,0.469163838026
272,SE0520189,1208.784,5.0,0.00413638830428
273,SE0820305,1.866,0.024,0.0128617363344
274,SE0820629,29.558,8.407,0.284423844644
275,SE0820734,0.672,0.313,0.465773809524
276,SE0430092,13.58,3.671,0.270324005891
281,SE0110096,26.671,7.29,0.27333058378
282,SE0110113,6.145,0.159,0.0258746948739
283,SE0110118,0.545,0.005,0.00917431192661
284,SE0110141,3.728,0.236,0.06330472103
285,PTCON0056,82.8554,19.7,0.237763621924
286,SE0220234,0.099,0.0064,0.0646464646465
288,SE0630262,83.15,81.83,0.984125075165
289,SE0220439,15.26,0.1396,0.00914809960682
290,SE0230090,87.526,0.035,0.000399881178164
291,UK0012696,6.2853,1.2571,0.200006364056
292,UK0019802,45.4427,5.4986,0.121000732791
293,SE0810010,242.096,5.0,0.0206529641134
294,SE0810365,8.577,0.5,0.0582954412965
295,SE0820035,70.878,35.755,0.504458365078
296,UK0030190,12.2648,1.9624,0.160002609093
297,SE0820108,74.305,3.416,0.0459726801696
298,UK0030273,26.9143,1.9943,0.0740981559989
299,SE0820304,18.543,5.76,0.310629348002
300,SE0820316,0.508,0.025,0.0492125984252
301,SE0820631,14.935,1.248,0.0835621024439
304,SE0110086,50.89,13.493,0.265140499116
305,SE0110092,29.487,10.138,0.343812527555
307,UK0013111,63.8695,3.1935,0.0500003914231
308,UK0017074,0.4314,0.0043,0.0099675475197
310,UK0017077,23.7301,15.4246,0.65000147492
311,UK0017096,7.8133,0.7032,0.0900003839607
313,SE0330049,84.949,6.107,0.0718901929393
314,SE0330108,23.914,3.611,0.150999414569
315,UK0030374,139.9524,126.0131,0.900399707329
316,UK0030382,331.8428,193.5307,0.583199936838
317,SE0330131,5.526,0.157,0.0284111473037
318,UK0013694,268.4862,80.5459,0.300000148983
320,SE0330158,4.715,0.612,0.129798515376
321,SE0330159,10.767,0.069,0.006408470326
322,SE0810441,3.712,0.15,0.0404094827586
323,SE0330179,1.896,0.493,0.260021097046
324,SE0330187,3.546,0.065,0.0183305132544
325,SE0330196,0.869,0.146,0.168009205984
331,SE0330265,4.982,1.792,0.359694901646
332,SE0330266,9.834,2.745,0.27913361806
334,PTCON0012,1182.6349,61.5,0.0520025241941
335,PTCON0017,27.9712,4.6,0.164454867864
336,LTPAL0002,179.48,66.25,0.369121907733
338,SE0410042,33.165,0.113,0.00340720639228
339,SE0410046,2.147,0.151,0.0703306939916
340,SE0410071,2.131,0.2271,0.106569685594
341,SE0410101,0.762,0.0218,0.0286089238845
342,CY4000010,179.1435,14.33148,0.08
343,SE0410133,1.06,0.624,0.588679245283
345,EE0040201,247.45,0.03,0.000121236613457
346,EE0040418,39.595,0.49,0.0123752999116
348,EE0040469,39.727,1.34,0.0337302086742
349,UK0016618,153.9177,49.9771,0.324700148196
350,EE0010126,13.188,4.9,0.371549893843
351,EE0010154,0.803,0.58,0.722291407223
352,EE0040002,2539.589,23.59,0.00928890462197
353,SE0410224,0.632,0.0022,0.00348101265823
354,UK0030358,3603.41,1.081,0.000299993617157
355,UK0030370,845.14,15.0435,0.0178000094659
356,UK0030386,855.93,386.56,0.451625717056
357,UK0030389,3694.89,624.71,0.169074045506
358,SE0420240,8.613,0.0074,0.000859166376408
359,SE0420276,3.872,0.192,0.0495867768595
360,EE0040402,19.705,8.19,0.415630550622
361,SE0420360,1342.408,17.756,0.0132269771932
362,SE0430095,423.422,2.031,0.00479663314613
363,UK0012687,15.4444,4.6318,0.299901582451
364,SE0430183,21.095,1.432,0.0678833846883
365,SE0430187,1151.276,1.994,0.00173199128619
366,SE0510081,2.074,0.1039,0.0500964320154
367,DE1123393,109.46,4.144,0.0378585784762
368,UK0019806,87.0122,0.7831,0.00899988737212
369,DE1326301,2.02,0.155,0.0767326732673
370,DE1332301,279.92,57.01,0.203665332952
371,DE1343301,149.03,44.437002,0.298174877541
372,DE1345301,75.74,42.938301,0.566917097967
373,DE1526391,82.38,18.231,0.221303714494
374,DE1533301,16.57,15.544,0.93808086904
375,SE0510127,132.923,35.0,0.263310337564
376,DE1632392,17.3936,14.77,0.849162910496
377,DE1747301,604.06,75.042202,0.124229715591
378,DE1749301,2.18,1.658,0.760550458716
379,SE0510186,114.1,5.7,0.0499561787905
380,SE0520038,7.079,0.21,0.0296652069501
381,DE1838301,0.83,0.0279,0.0336144578313
382,SE0110124,39.802,23.859,0.599442239083
383,SE0520039,4.521,0.293,0.0648086706481
384,SE0110147,1.971,0.227,0.115169964485
385,SE0520042,8.511,0.16,0.018799201034
386,SE0520133,11.67,1.836,0.157326478149
387,SE0110199,2.579,0.252,0.0977122915859
388,SE0520170,540.16,228.86,0.423689277251
389,SE0520173,12.593,0.431,0.0342253632971
390,DE2306301,2769.5622,2.0,0.000722135794603
391,SE0220129,88.111,3.2607,0.0370067301472
392,SE0220218,9.018,0.7021,0.0778554003105
393,SE0220231,15.596,0.4852,0.0311105411644
394,SE0230055,128.841,5.5,0.0426882746952
395,UK0030192,12.1454,1.2145,0.099996706572
396,SE0230395,1.32,0.319,0.241666666667
397,UK0013030,737.1411,14.7428,0.019999970155
398,SE0330024,1.998,0.214,0.107107107107
399,UK0013036,63.2087,37.9252,0.599999683588
400,UK0013107,28.1595,9.011,0.31999857952
401,UK0013114,30.7095,16.9516,0.551998567219
402,UK0030364,115.1087,26.0031,0.225900388068
403,UK0013695,254.6757,60.1035,0.236000136644
404,UK0017072,652.2612,372.0498,0.570400017662
405,SE0630139,7.871,0.1,0.0127048659637
406,SE0330109,4.248,3.035,0.71445386064
407,UK0030202,265.0164,4.7703,0.0180000181121
408,SE0330121,10.206,1.297,0.127082108564
409,SE0630260,231.512,180.845,0.781147413525
410,SE0330123,15.519,5.196,0.334815387589
411,SE0330126,27.486,5.61,0.204103907444
412,SE0330127,5.844,0.013,0.00222450376454
413,SE0330132,1.49,0.187,0.125503355705
414,SE0330143,2.186,0.096,0.0439158279963
415,SE0330189,7.796,0.262,0.0336069779374
416,SE0330191,0.692,0.055,0.0794797687861
417,SE0330253,18.046,1.798,0.0996342679818
418,SE0340010,0.95,0.097,0.102105263158
419,SE0340025,9.367,0.0008,8.5406213302e-05
420,SE0710225,151.31,2.1167,0.0139891613244
421,SE0410088,1.515,0.03,0.019801980198
422,SE0810003,56.54,2.0,0.0353731871242
423,SE0810031,0.932,0.1,0.107296137339
424,SE0810033,7.513,0.1,0.0133102622122
425,UKGIB0002,54.865,5.7608,0.104999544336
426,UK0030317,1377.26,571.98,0.415302847683
427,UK0030355,1739.95,1362.03,0.782798356275
428,UK0030379,8.73,8.73,1.0
429,UK0030385,965.75,820.32,0.849412373803
430,UK0030387,1428.61,128.45,0.0899125723605
431,SE0410156,1.18,0.458,0.38813559322
432,SE0420239,7.754,0.019,0.00245034820738
433,SE0820301,0.676,0.43,0.636094674556
434,SE0820307,5.816,2.347,0.403541953232
435,SE0820329,18.916,5.665,0.299481920068
436,SE0430149,11.594,0.0347,0.00299292737623
437,SE0430162,19.566,0.154,0.00787079627926
438,SE0510048,1.766,0.4,0.226500566251
439,SE0510084,7.28,0.3645,0.0500686813187
440,SE0520025,2.346,0.0235,0.0100170502984
441,SE0520036,28.69,7.028,0.244963401882
442,SE0520172,8.805,0.143,0.0162407722885
443,SE0520174,12.117,0.5,0.0412643393579
444,SE0520176,24.158,9.79,0.405248778872
445,SE0430082,2.457,1.087,0.442409442409
446,SE0520188,2.994,1.978,0.660654642619
450,PTPIC0008,0.5006,0.5,0.998801438274
451,DE0916391,4521.01,4.486,0.000992256155151
452,DE1251301,233.97,110.46,0.472111809206
453,DE1423394,87.48,13.046,0.149131229995
454,DE1446302,111.34,0.3442,0.0030914316508
455,DE1447302,36.18,3.2854,0.0908070757324
456,PTCON0010,206.6192,5.3,0.0256510527579
457,DE1648302,24.22,1.8687,0.0771552436003
458,LV0302800,125.79,0.0427,0.000339454646633
459,DE1749302,398.72,89.571504,0.224647632424
460,DE1813391,55.09,28.505,0.517426030133
461,DE1931301,20.84,5.095,0.244481765835
462,DE2031301,35.7,21.930901,0.614310952381
465,UK0012705,125.0739,38.18,0.305259530566
466,UK0012711,5.2974,0.7988,0.150790954053
467,UK0012712,958.5706,229.4818,0.239399998289
468,SE0630166,55.996,0.814,0.0145367526252
469,SE0630263,13.382,13.382,1.0
470,UK0030069,109.7697,43.9079,0.4000001822
471,ES7010017,299.9309,3.605,0.0120194351432
472,ES7010021,12.7605,1.5948,0.124979428706
473,ES7010037,6.3427,3.8968,0.614375581377
474,ES7010053,9.562,1.2011,0.125611796695
475,ES7010066,14.2656,5.2998,0.371509084791
476,ES7011002,6.3317,0.6209,0.0980621318129
477,ES7020017,694.8968,16.6672,0.0239851442689
478,ES7020125,11.6136,4.4983,0.387330371289
479,ES1110001,38.6781,2.8101,0.0726535171066
480,ES1110002,75.4587,1.4466,0.0191707516827
481,ES1110006,92.6287,11.5366,0.124546711764
482,ES1140004,76.0664,22.5015,0.295813920469
483,ES1140012,7.2526,2.2213,0.306276369854
484,ES1200006,12.4943,0.1731,0.0138543175688
485,UK0013027,615.3823,6.3384,0.0102999387535
486,SE0810011,7.909,0.5,0.0632191174611
487,UK0013046,4.6001,0.1099,0.0238907849829
488,ES2130005,1.5776,0.8597,0.54494168357
489,UK0013112,63.6283,6.3628,0.0999995285117
490,ES2130008,15.828,0.0022,0.000138994187516
491,UK0013116,1380.385,409.9743,0.2969999674
492,UK0013117,1460.1052,334.3641,0.229000006301
493,UK0030372,312.4673,142.8913,0.457300011873
494,UK0030376,105.6749,3.0646,0.0290002640173
495,UK0030172,3.5664,0.7996,0.22420367878
497,ES5120007,138.3412,0.00999999994582,7.22850455672e-05
498,ES5120016,64.6368,0.1161,0.00179619040547
499,ES5140001,49.0425,0.036,0.00073405719529
500,ES5140007,11.116,0.0132,0.0011874775099
501,SE0820303,25.087,7.211,0.28743970981
502,SE0820306,7.136,3.287,0.460622197309
503,SE0820314,27.105,3.214,0.118575908504
504,ES5223036,97.9752,0.979752,0.01
505,SE0820327,92.964,12.929,0.139075340992
506,SE0820735,1.852,1.113,0.600971922246
507,SE0820751,59.835,14.02,0.234311021977
508,SE0110087,3.397,0.387,0.113924050633
509,SE0110088,143.145,43.55,0.304236962521
510,ES6120023,0.4753,0.413511,0.87
511,ES6170002,19.1285,0.006,0.000313668086886
513,UK0030383,108.7596,18.1629,0.167000430307
514,ES6200030,134.461,0.02865,0.000213072935647
515,UK0030384,74.6625,43.3042,0.57999933032
516,ES6200048,1540.8166,0.1423,9.23536259929e-05
517,ES6310002,8.7154,8.105322,0.93
518,ESZZ16001,937.6608,8.5641,0.00913347342664
519,ESZZ16003,2829.2454,4.155,0.00146858946912
520,UK0030353,475.6938,175.1766,0.368254957286
521,UK0030359,817.27,289.97,0.354803186218
522,UK0030369,1467.59,0.8806,0.000600031343904
523,UK0030380,1373.44,1196.953,0.871500029124
528,PTCON0008,166.3188,30.0,0.180376481793
529,PTCON0062,22927.7848,22673.24,0.988897976747
530,ES5110020,264.7292,0.001,3.77744502684e-06
531,LV0508600,15.405,0.00031,2.0123336579e-05
533,IT5310007,0.17,0.0037,0.0217647058824
534,IT5320005,4.66,0.1657,0.0355579399142
535,IT5320006,2.29,0.0667,0.0291266375546
537,IT1324908,0.1,0.007,0.07
538,IT1332477,3.06,0.0894,0.0292156862745
539,IT1332576,5.26,0.2627,0.0499429657795
540,IT1332674,5.44,0.2335,0.0429227941176
541,IT1333308,2.05,0.0205,0.01
542,IT1333316,1.27,0.0127,0.01
543,IT1333370,0.24,0.022,0.0916666666667
544,IT1333371,1.48,0.5073,0.34277027027
545,IT1343412,20.31,1e-05,4.92368291482e-07
546,IT1345103,0.15,0.0015,0.01
547,DE1339301,100.07,23.43,0.234136104727
548,DE1540302,384.16,109.709199,0.285582046543
549,DE1544302,232.64,2.9823,0.0128193775791
550,DE1714391,174.5,5.877,0.0336790830946
551,DE1733301,32.38,20.833999,0.643421834466
552,IT5160006,187.53,2.5317,0.0135002399616
553,IT5160014,154.83,14.4302,0.0932002841827
554,IT5160018,87.27,6.9816,0.08
555,IT51A0038,0.14,0.1065,0.760714285714
556,UK0012694,36.4656,16.4095,0.449999451538
557,DE1934302,238.4,68.778799,0.288501673658
558,DE1934303,35.17,22.848601,0.649661671879
559,UK0019803,102.3022,7.5704,0.0740003636285
560,DE2104301,625.48,22.76,0.0363880539745
561,IT6000004,18.41,0.5617,0.0305105920695
562,IT6000008,16.96,1.4298,0.084304245283
563,IT6000011,21.3,0.0727,0.00341314553991
564,IT6000018,7.57,0.0708,0.00935270805812
565,IT6040022,2.33,0.233,0.1
566,IT6040023,2.24,0.112,0.05
567,UK0030041,209.9935,146.9954,0.699999761897
568,UK0030061,198.6612,139.0628,0.699999798652
569,IT8030010,61.16,3.13,0.0511772400262
570,IT9310035,3.99,0.7982,0.200050125313
571,IT9310039,0.72,0.0435,0.0604166666667
572,IT9340094,10.58,0.8466,0.0800189035917
573,ITA010024,542.81,43.4248,0.08
574,ITA020005,0.15,0.001,0.00666666666667
575,ITA020023,65.65,0.001,1.523229246e-05
576,ITA090008,1.72,0.001,0.000581395348837
577,ITA090026,13.38,1.365,0.10201793722
578,ITB010007,12.16,0.608,0.05
579,ITB010008,210.04,8.3804,0.0398990668444
580,ITB020014,289.72,2.8972,0.01
581,ITB040029,84.33,2.0416,0.0242096525554
582,ITB040030,38.23,1.0641,0.0278341616532
583,IT1315670,15.18,0.3152,0.0207641633729
584,IT8050036,50.19,3.63,0.0723251643754
585,ITA020009,2.0,0.0026,0.0013
586,ITA020047,21.55,3.234,0.150069605568
587,ITA030027,16.08,0.4481,0.0278669154229
588,ITA090013,2.32,0.001,0.000431034482759
589,ES7010035,54.6111,2.8498,0.0521835304544
590,UK0013039,487.5299,23.4014,0.0479999277993
591,ES7011005,72.1975,0.4618,0.00639634336369
592,ITB040020,92.81,1.71,0.0184247387135
593,ITB040021,26.24,0.2488,0.00948170731707
594,ES7020122,70.5525,24.8199,0.351793345381
595,ES7020126,16.0291,5.7429,0.358279628925
596,ESZZ15002,14328.4248,1138.5233,0.0794590693598
597,ES0000001,9.9035,5.4136,0.54663502802
598,ES0000019,108.2793,0.001,9.23537555193e-06
599,ES0000146,9.3505,0.0036,0.000385006149404
600,ES1110005,118.0936,3.4318,0.0290599998645
601,ES1120002,9.8206,0.2862,0.0291428222308
602,FR2200346,156.46,1.5,0.00958711491755
603,ES1120017,4.9124,0.2317,0.0471663545314
604,ES2130007,10.0962,0.5309,0.0525841405677
605,FR2500085,153.85,50.8299,0.330386090348
606,FR2500086,8.52,1.5336,0.18
607,UK0030373,340.8958,102.2687,0.299999882662
608,FR3100479,4.11,0.0514,0.0125060827251
609,FR3100480,16.61,0.0465,0.00279951836243
610,UK0030375,302.0363,249.633,0.826499993544
611,UK0013025,436.7616,3.5378,0.00810007106852
612,UK0017069,20.729,12.4374,0.6
613,UK0017070,23.209,2.6226,0.112999267526
614,FR5200654,13.5,2.3568,0.174577777778
615,FR5200657,20.1,2.75,0.136815920398
616,FR5300028,42.59,1.2817,0.0300939187603
617,FR5300032,173.3121,55.5488,0.32051310901
618,FR5300043,6.12,0.612,0.1
619,FR5300052,17.51,1.4008,0.08
620,FR5300059,9.25,0.0177,0.00191351351351
621,FR5300066,143.7151,7.8192,0.0544076440124
622,FR5302008,457.28,173.7664,0.38
623,FR5302015,62320.04,0.217,3.4820260064e-06
624,FR5400431,260.95,2.33,0.00892891358498
626,FR7200775,5.71,0.2855,0.05
628,ESZZ12003,3389.6103,315.146,0.0929741097376
629,ESZZ16002,3353.536,439.9825,0.131199575612
630,UK0030055,33.4659,10.0063,0.298999877487
631,ES5110013,250.5147,0.0333,0.000132926331269
632,ES5110017,29.064,0.001,3.44068263143e-05
633,FR9301609,7.66,0.41,0.0535248041775
634,FR9301610,13.37,0.744,0.0556469708302
635,FR9301997,123.79,0.23,0.00185798529768
636,FR9400574,502.27,15.0681,0.03
637,FR9402013,1782.65,17.8265,0.01
638,FR9402016,35.35,3.8885,0.11
639,FR5300018,771.136,463.332,0.60084343099
640,UK0030363,4365.26,4365.26,1.0
641,UK0030388,15694.33,15694.33,1.0
642,IT5310006,11.93,0.9977,0.0836295054484
643,DK008X075,50.47,1.0,0.019813750743
644,IT1315971,12.02,0.2874,0.0239101497504
645,IT1315972,4.73,0.3962,0.0837632135307
646,IT1316175,3.39,0.0387,0.0114159292035
647,IT1323201,27.82,0.2782,0.01
648,IT1323271,3.8,0.4553,0.119815789474
649,IT1324974,2.13,0.0114,0.00535211267606
650,IT1325624,1.04,0.0104,0.01
651,DK00CY040,29.26,5.0,0.170881749829
652,IT1344210,7.42,0.0742,0.01
653,IT1345005,26.65,0.2665,0.01
654,IT1345109,14.01,0.1401,0.01
655,DK005X221,439.12,8.0,0.0182182546912
656,DK005X276,56.64,1.5,0.0264830508475
657,DK00DX151,17.71,2.0,0.112930547713
658,DK00VA247,260.92,52.0,0.199294803005
659,DK00VA301,92.83,13.0,0.140040935043
660,DK00VA307,10.93,10.0,0.914913083257
661,DK00VA309,8.3,8.0,0.963855421687
662,DK00VA330,1.4,1.0,0.714285714286
663,IE0001021,42.3647,28.294555,0.667880452358
665,IT3330009,23.8,0.8,0.0336134453782
666,IT3340007,0.25,0.175,0.7
667,IE0002269,87.3619,18.468721,0.211404754246
668,IE0002283,38.6561,7.06973,0.182887823655
669,IE0000189,39.2427,6.15975,0.156965499316
670,IE0000212,7.9266,0.702891,0.0886749678298
671,IE0000213,146.5978,63.298383,0.43178262566
672,IE0002162,123.6776,1.2373,0.0100042368222
673,IE0002165,683.0001,214.213014,0.313635406496
674,IE0002172,227.0185,48.597683,0.214069263078
675,IE0002328,1086.55,100.21,0.0922276931572
676,IE0002330,716.297,208.57,0.291178100704
677,IE0003001,781.1,259.24,0.331890923057
678,GR1270008,161.6065,31.72,0.196279233818
679,IT6000001,26.29,0.0013,4.94484594903e-05
680,IT6000003,23.97,0.5953,0.02483521068
681,IT6000006,10.96,0.8215,0.074954379562
682,IT6000009,10.73,0.4698,0.0437837837838
683,IT6000019,0.52,0.0098,0.0188461538462
686,GR2420014,85.7166,8.57,0.0999806338562
687,GR2530007,2365.7115,22.67,0.00958274075262
700,GR4340024,1636.8622,37.22,0.022738627601
701,IT8030011,84.91,14.08,0.165822635732
702,IT8030023,0.0407,0.0285,0.700245700246
703,IT8030040,1.8,0.108,0.06
704,IT9150002,60.93,12.41,0.20367634991
705,IT9150006,65.9,0.03479,0.000527921092564
706,IT9210155,8.11,0.1622,0.02
707,DE1209301,5314.29,153.5,0.0288843853083
708,DE1249301,86.01,65.309302,0.759322195094
709,IT9340093,8.02,0.7217,0.0899875311721
710,DE1346301,18.48,12.7262,0.688647186147
711,IT9350160,15.85,0.4754,0.0299936908517
712,DE1528391,54.83,3.633,0.0662593470728
713,IT9350172,18.12,3.6149,0.199497792494
714,ITA010017,73.38,0.01,0.000136276914691
715,DE1631392,618.3,276.033008,0.446438634967
716,ITA020019,3.4,0.0666,0.0195882352941
717,DE1832322,22.24,1.292,0.0580935251799
718,ITA030012,4.67,0.001,0.000214132762313
719,DE1836301,1.13,0.3151,0.278849557522
720,ITA030040,1.4,1.065,0.760714285714
721,ITA040002,14.06,0.6845,0.0486842105263
722,ITA040015,0.3,0.0001,0.000333333333333
723,ITA080005,0.16,0.0127,0.079375
724,ITB010010,160.05,1.6002,0.00999812558575
725,ITB010082,171.92,8.593,0.0499825500233
726,ITB020012,26.6,1.2953,0.0486954887218
727,ITB020015,26.25,0.1668,0.00635428571429
728,ITB030080,268.99,2.6897,0.00999925647794
729,ITB042226,12.22,1.0076,0.0824549918167
730,ITB042247,6.11,0.0021,0.000343698854337
731,ITA010011,5.38,0.001,0.000185873605948
732,ITA020046,162.14,24.321,0.15
733,ITA020051,0.68,0.0358,0.0526470588235
734,ITA030023,3.89,0.113,0.0290488431877
735,ITA030030,24.76,0.6022,0.0243214862682
736,ITA040010,10.0,0.01,0.001
737,ITA040012,63.02,0.9155,0.0145271342431
738,ITA070028,6.19,1.857,0.3
739,ITB040024,37.15,2.5619,0.0689609690444
740,FR2300139,63.03,14.01,0.222275107092
741,FR2500082,23.1465,0.2316,0.0100058324153
742,FR2500084,91.78,23.8862,0.260254957507
743,FR3102003,291.56,37.9028,0.13
744,FR3102004,682.45,6.8245,0.01
745,FR5202011,307.14,24.5712,0.08
746,FR5202012,494.41,158.2112,0.32
747,FR5300010,912.28,207.01,0.226914982242
748,FR5300030,49.12,9.173,0.186746742671
749,FR5300046,92.2671,3.7126,0.0402375277862
750,FR5300048,4.79,0.958,0.2
751,FR5300049,98.597,29.839,0.302635982839
752,FR5300061,27.8491,0.4404,0.0158137964961
753,FR5302006,101.9759,39.252,0.384914474891
754,FR7200677,610.8,12.216,0.02
755,FR7200679,226.39,0.0227,0.00010026944653
756,FR7200776,13.53,1.353,0.1
757,FR9301592,1134.66,0.005,4.40660638429e-06
758,FR9301613,488.67,24.489,0.0501135735773
759,FR9301624,289.95,3.05,0.0105190550095
760,FR9301995,19.24,0.3,0.0155925155925
761,FR9301996,89.59,0.73,0.00814823082933
762,FR9302001,5.06,0.5,0.098814229249
763,FR9402020,928.21,67.035,0.0722196485709
764,FR9402021,289.23,28.319,0.0979116965737
765,FR2502018,140.53,2.814,0.0200241941223
766,FR2502019,130.58,3.9219,0.0300344616327
767,FR2502020,455.66,13.6698,0.03
768,FR5200655,11.38,0.569,0.05
769,FR5300016,20.6463,4.5474,0.220252539196
770,FR5300019,44.1743,4.8653,0.110138700557
771,FR5300020,28.3699,1.69,0.0595701782523
772,FR5300021,24.5575,0.2459,0.0100132342462
773,ES7010016,85.6209,7.0823,0.0827169534541
774,ES7010022,19.4669,7.3783,0.379017717253
775,ES7020057,98.9843,21.33095,0.2154983164
776,ES7020123,131.3909,3.2311,0.0245915051956
777,ESZZ15001,6100.6714,1119.0699,0.183433892211
778,DK007X079,12.56,3.75,0.298566878981
779,DK003X202,41.93,8.0,0.190794180777
780,DK003X333,3.6,0.5,0.138888888889
781,DK006X233,319.49,40.0,0.125199536762
782,DK006X234,169.05,47.0,0.27802425318
783,DK008X183,21.82,6.0,0.274977085243
784,DK008X184,112.83,4.0,0.0354515643003
785,ES1110007,10.2009,3.2763,0.321177543158
786,ES1110008,46.7385,3.6675,0.0784685002728
787,ES1110009,3.4653,0.0531,0.0153233486278
788,ES1110010,8.5154,0.2407,0.0282664349297
789,ES1110011,15.815,2.3503,0.148612077142
790,DK00DX300,29.15,0.75,0.0257289879931
791,ES1110012,10.9575,3.8881,0.354834588182
792,DK00DX321,7.46,1.5,0.201072386059
793,DK00DY156,458.23,73.0,0.159308644131
794,DK00EY124,447.68,89.0,0.198802716226
795,DK00EY133,255.83,46.0,0.179806903022
796,DK00FX010,669.86,33.0,0.0492640253187
798,DK00FX257,185.35,9.0,0.0485567844618
799,ES1140003,0.9198,0.0496,0.0539247662535
800,DK00VA170,39.07,32.0,0.819042743793
801,DK00VA254,649.22,26.0,0.0400480576692
802,ES1140007,28.7095,0.0435,0.00151517790278
803,ES1140010,14.1885,1.9716,0.138957606512
804,DK00VA256,5.88,2.5,0.425170068027
805,DK00VA302,7.48,6.5,0.868983957219
806,DK00VA308,8.39,8.0,0.953516090584
807,IE0000020,78.0199,5.407522,0.0693095223142
808,IE0000181,8.1123,5.84097,0.720014052735
809,IE0000268,144.0277,27.727028,0.192511773777
810,IE0000707,158.0214,45.950676,0.290787678125
811,IE0002264,29.1478,23.914418,0.820453619141
813,IE0003000,273.1386,1.81835,0.00665724287962
814,IE0000191,10.7846,8.686516,0.805455556998
815,ES5120014,163.1401,0.1239,0.000759469927994
816,ES5120015,33.9008,0.2269,0.00669305739098
817,IE0002158,432.675,91.963796,0.212547052638
818,IE0002159,32.0776,0.427891,0.0133392460783
819,IE0002329,329.299,198.67,0.603311883729
820,IE0003002,1487.9,313.56,0.210739969084
821,IE0002327,410.904,131.68,0.320464147343
822,ES5140020,4.4508,0.0012,0.000269614451335
823,ES5213021,55.5287,0.555287,0.01
824,ES6140016,1.2492,0.1781,0.142571245597
828,ES6170037,32.4656,3.02654,0.0932229806318
833,GR2510005,37.2808,1.86,0.0498916332268
834,GR2540001,390.5166,19.09,0.048883965496
835,ES6200029,134.6782,13.970485,0.10373234124
838,ES90ATL01,2349.5034,299.81,0.12760568893
839,GR4210033,44.1371,6.62,0.149987198978
840,ESZZ12002,3177.2377,20.5126,0.00645611123146
848,IT1316001,0.38,0.0038,0.01
849,IT1316118,0.5,0.005,0.01
850,IT1323202,0.097,0.001,0.0103092783505
851,IT1333307,13.08,0.1308,0.01
852,IT1333372,0.29,0.0629,0.216896551724
853,IT1344216,1.28,0.0128,0.01
854,IT1344273,0.43,0.0245,0.056976744186
855,IT1344323,1.69,0.0169,0.01
856,IT1345114,0.43,0.0043,0.01
857,IT3250047,26.55,1.3811,0.0520188323917
858,IT3250048,6.23,0.0312,0.00500802568218
859,IT5160013,54.98,0.5388,0.00979992724627
860,IT5340022,0.43,0.068,0.158139534884
861,IT6000002,27.28,0.2463,0.00902859237537
862,IT6000005,5.57,0.29,0.0520646319569
863,IT6000010,13.81,0.5189,0.0375742215786
864,IT6000016,22.07,0.2165,0.00980969642048
865,IT6040016,4.27,0.0854,0.02
866,IT6040020,2.36,0.0472,0.02
867,IT7120215,34.15,0.0069,0.000202049780381
868,IT8030024,3.9,0.39,0.1
869,IT9210160,4.18,0.209,0.05
870,IT9310033,1.01,0.1013,0.100297029703
871,IT9340091,7.79,1.636,0.21001283697
872,IT9350158,4.46,0.02,0.00448430493274
873,IT9350173,3.75,0.147,0.0392
874,ITA010025,44.43,2.256,0.0507765023633
875,ITA040001,4.35,0.0248,0.00570114942529
876,ITA040003,12.36,0.001,8.09061488673e-05
877,ITA040014,40.85,2.0425,0.05
878,ITA070004,2.36,0.0244,0.0103389830508
879,ITA090027,39.01,8.08,0.207126377852
880,ITA090028,53.67,4.884,0.0910005589715
881,ITA090030,24.23,4.846,0.2
882,ITB010004,22.55,0.2164,0.00959645232816
883,ITB010009,8.51,0.7659,0.09
884,ITB020013,9.85,0.0263,0.00267005076142
885,ITB020041,296.25,2.9625,0.01
886,ITB030032,57.12,1.4,0.0245098039216
887,ITB040081,0.6,0.273,0.455
888,IT8050037,49.14,10.35,0.210622710623
889,ITA010002,11.11,0.2289,0.020603060306
890,ITA010015,24.06,0.01,0.000415627597672
891,ITA010016,5.61,0.01,0.0017825311943
892,ITA020014,8.61,0.0833,0.00967479674797
893,ITA030024,7.79,0.2401,0.0308215661104
894,ITA080008,1.94,0.001,0.000515463917526
895,FR2500077,394.8,1.1844,0.003
896,FR2502021,444.02,0.8891,0.00200238727985
897,FR3100478,10.59,0.9207,0.086940509915
898,FR5300011,557.9639,363.155,0.650857519635
899,FR5300027,68.1806,1.3656,0.0200291578543
900,FR5300029,205.7743,12.727,0.0618493174318
901,FR5300031,283.3697,153.2574,0.540839052305
902,FR5300033,177.6983,54.769,0.30821341566
903,FR5300034,47.6926,4.6597,0.0977027882732
904,FR5400469,4560.27,586.4507,0.128599995176
906,FR5402012,97.15,49.9254,0.5139001544
907,ES7010048,4.7777,0.2049,0.0428867446679
908,ES7020116,26.9268,2.9861,0.11089695025
909,ES7020120,5.8279,0.1414,0.0242625988778
910,ES7020124,34.7536,11.85387,0.34108322591
911,ES7020128,2.7262,0.1849,0.0678233438486
912,ES0000020,485.3197,0.001,2.06049744117e-06
913,ES0000447,13.1755,0.1317,0.00999582558537
914,ES1120005,2.9746,0.109,0.0366435823304
915,ES1120011,6.4321,0.6093,0.0947280048507
916,ES1120013,1.0892,0.0646,0.0593095850165
917,FR7200813,77.9,39.5,0.507060333761
918,ES1140009,6.2303,1.8693,0.300033706242
919,ES1140016,22.1832,12.8611,0.579767571856
920,FR9101482,44.15,0.4229,0.00957870894677
921,FR9301602,500.15,3.11,0.00621813455963
922,FR9400587,36.98,0.7396,0.02
923,FR9402018,741.39,7.4139,0.01
924,FR5200627,43.76,1.122,0.0256398537477
925,FR5300015,266.17,108.97,0.409400007514
926,FR5300017,227.14,161.2694,0.71
927,ES5120013,91.9696,0.2208,0.00240079330561
928,DK00EX026,16.78,1.5,0.0893921334923
929,ES6110015,263.7544,232.6341,0.882010309591
931,DK005Y229,173.57,1.0,0.00576136429106
932,ES6120032,236.4216,23.64182,0.0999985618911
933,DK008X198,20.45,8.0,0.39119804401
935,DK008X201,449.86,22.0,0.0489041034989
937,DK00AY176,1347.6,50.0,0.0371029979222
938,DK00EY134,235.13,14.0,0.0595415302173
939,DK00FX113,94.6,16.0,0.169133192389
940,DK00VA171,150.34,32.0,0.212850871358
941,DK00VA200,14.84,4.5,0.303234501348
942,DK00VA250,21.37,3.5,0.163781001404
943,DK00VA253,4.37,3.0,0.686498855835
944,DK00VA259,470.59,250.0,0.53124800782
945,DK00VA299,31.58,18.0,0.569981000633
946,DK00VA304,13.29,9.0,0.677200902935
947,DK00VA310,2.99,1.1,0.367892976589
948,DK00VA348,78.04,28.0,0.358790363916
949,IE0000097,4.5094,0.858658,0.190415132834
950,IE0000101,142.5309,34.973362,0.245373894363
951,ES6320001,0.55,0.418,0.76
952,ESZZ12001,10235.1183,456.838,0.0446343644118
953,ESZZ16004,12.771,0.0660123,0.0051689217759
954,ESZZ16005,108.8796,2.3384,0.0214769341548
955,IE0000328,23.8355,14.175614,0.594726940907
956,IE0000470,140.2302,15.311692,0.109189689525
957,IE0000472,90.7138,11.02951,0.121585800617
958,IE0000704,5.4007,0.054,0.00999870387172
959,IE0000764,169.3271,105.340896,0.622114806195
960,IE0001275,5.5154,0.704636,0.127757914204
961,IE0002034,491.9733,0.06002,0.000121998490568
962,IE0002074,40.2646,5.70678,0.141731943196
963,IE0002111,213.9786,90.840895,0.424532616813
964,IE0002250,4.4234,2.113672,0.47783876656
965,IE0002259,30.4443,20.715048,0.680424512963
966,IE0002261,22.6868,22.365216,0.985825061269
967,NL2008002,1540.58,769.34,0.499383349128
970,GR1270015,203.0444,60.25,0.296733128321
972,GR2230004,1355.279,34.62,0.0255445557704
973,GR2540009,382.9618,153.18,0.399987675011
978,GR4210001,214.8737,13.7,0.0637583845766
980,GR4220035,300.3678,60.04,0.199888270314
981,IT1324172,0.48,0.1086,0.22625
982,IT1332575,6.09,0.3039,0.0499014778325
983,IT1332603,11.96,0.0725,0.0060618729097
984,IT1332614,1.44,0.007,0.00486111111111
985,IT1333369,0.36,0.0163,0.0452777777778
986,IT1343419,2.62,0.0262,0.01
987,IT1344270,5.46,0.0498,0.00912087912088
988,IT1345104,1.64,0.0164,0.01
989,IT1345175,0.14,0.0752,0.537142857143
991,IT5160019,1.54,0.154,0.1
992,IT5160020,4.73,4.73,1.0
993,IT51A0024,110.22,0.3196,0.00289965523498
994,IT5340001,2.13,0.0016,0.00075117370892
995,IT6000007,13.53,0.846,0.0625277161863
996,IT6000013,38.47,0.0354,0.000920197556538
997,IT6000015,19.29,0.4979,0.0258113011923
998,IT6000017,5.12,0.0251,0.00490234375
999,IT8030041,1.67,0.0167,0.01
1000,IT9340092,12.16,1.2156,0.0999671052632
1001,ITA010020,34.02,0.1,0.00293944738389
1002,ITA030041,15.65,2.0025,0.127955271565
1003,ITA070006,0.0254,0.005,0.196850393701
1004,ITB010006,19.89,0.1989,0.01
1005,ITB010042,74.1,0.741,0.01
1006,ITB010043,37.41,0.76,0.0203154236835
1007,ITB012211,54.12,3.4296,0.0633702882483
1008,ITB040025,26.97,0.0275,0.00101965146459
1009,ITB040026,0.63,0.0758,0.120317460317
1010,ITB040027,92.74,4.92,0.0530515419452
1011,ITB040031,114.86,0.9919,0.00863573045447
1012,ITB040051,1.39,0.0636,0.0457553956835
1013,ITB040071,28.99,0.012,0.000413935839945
1014,ITB042220,2.61,0.3492,0.133793103448
1015,ITB042250,5.32,0.3724,0.07
1016,IT5160002,148.18,0.4445,0.00299973005804
1017,IT9210015,5.52,0.4416,0.08
1018,ITA010003,5.52,0.01,0.0018115942029
1019,ITA010004,18.32,0.3692,0.0201528384279
1020,ITA010006,3.5,0.001,0.000285714285714
1021,ITA010010,9.99,0.0005,5.00500500501e-05
1022,ITA020006,5.49,0.1094,0.019927140255
1023,ITA020010,3.49,0.0869,0.024899713467
1024,ITA030025,2.59,0.077,0.0297297297297
1025,ITA030026,10.57,0.2455,0.0232261116367
1026,ITA030028,6.65,0.0847,0.0127368421053
1027,ITA030029,12.34,0.0676,0.00547811993517
1028,ITA030031,0.22,0.001,0.00454545454545
1029,ITA030032,0.47,0.001,0.00212765957447
1030,FR2500079,828.36,41.4715,0.0500645854459
1031,FR3100477,7.28,0.361,0.0495879120879
1032,FR5200653,523.37,5.242,0.0100158587615
1033,FR5202010,42.08,15.5696,0.37
1034,FR5202013,119.98,47.992,0.4
1035,FR5300008,32.04,0.1841,0.00574594257179
1036,FR5300009,721.4036,112.18,0.155502412242
1037,FR5300012,51.4199,4.96,0.0964607087917
1038,FR5300045,7.24,0.0724,0.01
1039,FR5302007,414.9894,191.1714,0.460665742306
1040,FR9101414,61.72,11.7268,0.19
1041,FR9301573,135.98,1.54,0.0113251948816
1042,FR9301622,342.64,0.027,7.87999066075e-05
1043,FR9301628,150.88,1.98,0.0131230116649
1044,FR9301998,17.55,0.38,0.0216524216524
1045,FR9301999,188.87,5.12,0.0271085932123
1046,FR9400570,296.7,23.736,0.08
1047,FR9402015,946.12,28.3836,0.03
1048,FR9402017,473.74,33.1618,0.07
1049,FR2300121,113.41,1.505,0.0132704347059
1050,FR5200626,26.88,0.1505,0.00559895833333
1051,FR5300023,586.3676,127.47,0.217389228191
1052,FR9102012,137.31,8.2398,0.0600087393489
1053,FR9400591,60.71,2.4284,0.04
1054,DK002X110,72.18,44.0,0.609587143253
1055,DK006X238,778.48,170.0,0.218374267804
1056,DK006X242,81.95,9.0,0.109823062843
1057,DK008X047,350.43,30.0,0.0856091088092
1058,DK008X185,42.15,25.0,0.593119810202
1059,DK008X190,620.47,230.0,0.370686737473
1060,DK008X329,1.62,1.0,0.617283950617
1062,DK00DX155,156.63,55.0,0.351146012897
1063,DK00DX322,7.92,3.0,0.378787878788
1064,DK00FX123,189.07,9.0,0.0476014174644
1065,DK00VA235,17.53,10.0,0.570450656018
1066,DK00VA248,13.8,5.0,0.36231884058
1067,DK00VA249,86.19,13.0,0.150829562594
1068,DK00VA255,6.33,5.0,0.789889415482
1069,DK00VA257,240.83,135.0,0.560561391853
1070,DK00VA258,108.92,55.0,0.504957767169
1071,DK00VA261,319.1,240.0,0.75211532435
1072,DK00VA303,207.4,20.0,0.0964320154291
1073,DK00VA305,46.45,24.0,0.516684607104
1074,DK00VA306,19.94,15.0,0.752256770311
1075,IE0000495,5.298,0.265,0.0500188750472
1076,IE0000625,43.8718,12.027385,0.27414842792
1077,IE0001141,60.1355,3.692587,0.0614044449618
1078,IE0002070,116.2711,28.557737,0.245613372541
1079,IE0002262,26.9184,9.527851,0.353953095281
1081,IE0002268,71.6189,35.602746,0.497113834477
1082,IE0000204,4.0513,0.580248,0.14322513761
1091,GR2220007,94.0384,9.23,0.0981513934733
1092,GR2230010,153.2727,30.65,0.199970379591
1093,GR2420001,287.0422,70.92,0.24707168493
1094,GR2420015,57.6777,5.77,0.100038663123
1095,GR2550010,1229.3024,1.07,0.000870412357448
1096,GR4110015,61.9426,6.19,0.0999312266518
1099,GR4320006,394.1576,28.18,0.0714942449416
