SCH-45,309.6408333333333
WR 123 ANNA JOHANNA,304.3418055555558
ARM-33,304.0872222222227
VD6  BRIGITTA,279.4569444444442
VLI-27,269.75291666666635
UK266 JACOBA ALEIDA,269.7344444444447
YE-27 PROSPER JULIEN,264.6487500000002
YE42 ANNA ELIZABETH,234.8861111111113
ZK43 BORNRIF,230.94986111111123
WR213 TINI SIMONE,227.75541666666672
F/V LA LAMBADA,222.5043055555554
ALBATROS O91,219.20777777777772
UK 166  LIMANDA,213.24347222222232
MOONLIGHT ND58,208.66597222222208
DEO VOLENTE ARM-25,206.09888888888895
WR230 GIDEON,205.95541666666642
ARM-14,197.63694444444454
Z.85 ALEXIS II,197.5076388888889
YE116 ELISABETH,195.48444444444462
BOEIER,187.38875
NOVO  MILENIO,180.65097222222232
HA4 TINA,168.58944444444427
YE-57 EBEN HAEZER,165.66652777777753
FV ARM20,162.96180555555543
YE20 SEMPERCONFIDENS,159.83277777777738
WR112 ZWAANTJE,157.49902777777766
YE-62 J. MARGARETHA,157.38069444444434
LO7 ZWERVER,156.4909722222224
F/V MERE DU CHRIST,156.05555555555557
YE79 ANNA-TRIJNTJE,154.21513888888836
TH10 DIRKJE,154.05249999999998
INGER KATHRINE L610,151.7216666666666
F/V LE 5EME ELEMENT,149.92291666666694
YE18-JOHANNES,148.08166666666662
F/V VAGUE A L`AME,148.05083333333323
F/V LA SOUVERAINE,147.3000000000001
F/V SAINT THOMAS,145.59777777777782
WR21 JENTE,143.7754166666667
BRU-27 ELISABETH,143.7202777777779
F/V L ARC EN CIEL I,143.40347222222212
F/V RAMBO,143.0061111111112
F\V SAINT NICOLAS,142.18944444444432
WR222 ANNA TATJANA,141.5433333333334
KG9 PIETERNELLA,140.57916666666668
F/V JEAN PAUL 2,137.21791666666658
SG115 CECILIE MATHIL,135.8063888888889
WR226 JACK CORNELIS,133.1541666666667
F/V-SALUTDESPECHEURS,131.9833333333335
YE161 DINGENIS MARIA,130.94208333333324
ARM 46,128.58375
GRE36 VENUS,125.96541666666656
SOLEA,125.48333333333339
F/V ANNA MAMM MARI,125.26388888888896
WR9 SHRIMPER,123.43347222222228
MA GONDOLE,122.14041666666667
PIETERNELLE HELENA,121.2495833333333
HON-14 ALFOBERT,121.11930555555558
F/V BELOUGA II,119.35430555555577
NAIS,119.33458333333336
F/V MAPAUEM,118.1597222222223
FLOTO SG244,117.12458333333326
F/V ARPEGE,116.67513888888888
S41 SYDKYSTEN,116.26263888888887
HK81 HANNAH,115.6208333333335
KATHARINE,113.91069444444456
YE-56 PIETER,113.38194444444441
YE-69 ZWALUW,112.40347222222235
F/V CLEMENT-THOMAS-E,112.22902777777779
HA44 HOOP OP ZEGEN,111.46625000000003
DAMKERORT,110.49097222222221
F/V PAXDEI,110.45875000000001
WR129 JACOB MARCEL,110.28166666666667
ST20 AUKE SENIOR,109.2763888888889
STEPHANIE,108.28013888888884
YE-157 CORNELIA,107.93777777777787
YE76 TOBBER,106.86430555555566
F/V BROCELIANDE,105.15874999999997
HA41 ANTJE,104.88152777777792
F/V L`OPHELIE,104.82680555555558
F/V FLEUR DES VAGUES,104.20263888888891
WELL-BANK,104.09444444444443
WR 50 CONCORDIA,101.92819444444454
F/V BARAKA,100.84638888888891
F/V PARADISIO,100.65347222222218
LES ALYZEES,100.24361111111106
ANNI HOLM SG25,97.70625000000007
FV ARM-22,97.49388888888883
UK368 PETRONELLA,96.30194444444442
F/V ND BOULOGNE,96.15972222222217
WR12 WADDENZEE,96.10625000000005
OZEAN,96.06111111111106
UK-16 ORION,95.00611111111114
F/V SAINT MARIN,93.90611111111104
F/V ODETTE MARCEL,93.15583333333335
TX33 NOVA SPES,93.14569444444454
JOVEN MIRMER,93.12027777777774
F/V LEBLONDI,92.55166666666675
F/V L`ALBATROS,92.51708333333335
SK42 VERTRAUEN,92.3497222222223
F/V IKARIA II,91.98569444444443
F/V PHILCATHANE,91.84375
F/V KEROULAN,91.48888888888892
F/V JEREMI SIMON,91.28513888888888
UK165  LUMMETJE,90.74680555555555
YE38 DRIE GEBROEDERS,90.73527777777785
F/V LE MASCARET,90.5688888888889
F/V STECATHERINELAB,89.45958333333337
FN 426 KJOLPEN,89.29736111111113
UK236 DEO VOLENTE,89.03208333333333
WR3 NOORDSTER,88.99638888888877
SD62 THERES,88.98222222222222
F/V SACRE COEUR JESU,88.87875000000011
F/V ARUNDEL,88.21222222222224
WR143 FRANS NAN,88.16736111111126
YE55 ARNOUTMAGDALENA,87.92236111111104
YE-83 SCHELPDIER,86.94236111111111
YE-70 MARIA JACOBA,86.94152777777768
MARTINE,86.91666666666666
Z201 JOB SENIOR,86.65902777777775
WR291 ESTHER JENKE,86.65000000000005
F/V PASCAL,86.4576388888889
F/V SANAGA,85.80277777777782
F/V MUREX,85.63333333333333
TX-65 BONA FIDE,85.45208333333332
F/V CAP AUX ANGES,84.43333333333328
F/V MIREN,84.09833333333326
S45 SONDERSTRAND,83.21652777777781
ZZ-7 EENHOORN,81.79374999999999
BLACK PEARL,81.42791666666669
F/V L` ASCENSION,81.28805555555559
GRE5 MARTJE,81.18513888888882
GRE34 EMILLY SOPHIA,81.04402777777781
HV 80 FRU HELLESXE,80.8059722222223
FN 321 LINE DALGAARD,80.57236111111112
SONJAN 1,80.5001388888889
F/V L`ENFANT TERRIBL,80.22819444444445
F/V PROMETHEE,79.78277777777784
FV UK48 NOVA-CURA,79.1670833333334
TH6 JOHANNA CORNELIA,79.04680555555558
YE-238 GEERTRUIDA,78.81069444444441
UK80  LINQUENDA,78.62861111111106
STEEBORG 1,78.1481944444444
F/V MERCATOR,78.0255555555555
FV SURCOUF,78.01888888888894
CAP VERMELL,77.86152777777781
HM123 OERNEFJELD,77.54736111111109
S549 BIRGITTE,76.6904166666666
DOGGERBANK,76.49763888888889
F/V SANSESIA,76.40652777777782
HA24 ALEA IACTA EST,76.2330555555555
YE-63 KIEK UUT,76.03013888888898
ST22 PEKE SENIOR,75.5006944444445
LA PRESQU ILE II,75.35263888888892
F/V SEBASTIEN 2,75.30888888888883
SCOTIA,75.11736111111095
WR36 WILLEM STEFAN,74.70388888888884
F/V ALEXIS III,74.67888888888895
SOFIA KAUL,74.00222222222224
ZK5 ORA ET LABORA,73.91319444444443
F/V CORENTIN LUCAS,73.44263888888888
F/V STERNE III,73.42749999999994
DORIS VENDELBO,73.37333333333343
F/V NICOLAS JEREMY,73.26624999999996
SWI-47,73.1288888888889
CINDY VLI-25,73.09708333333337
F\V L`ORA MARITIMA,72.48749999999997
NF67 FEMARNBAELT II,71.55263888888881
F/V_L'OMERTA,70.07486111111118
TOVE KAJGAARD,69.33958333333331
F/V REINE DE LA MER,68.00555555555552
CICILIE,67.0605555555556
KATJA E35,66.90333333333331
FRANK MAIKEN,65.66569444444444
F/V CALAPPA,65.60055555555556
F/V JOHANJE2,65.48638888888891
F/V AMDORIC,65.19055555555558
FN 462 JEANNE,65.18138888888888
WR-289 BONA-FIDE,65.08124999999997
BRU50 WISSELVAL,64.93236111111119
JANNIE ALBRI,64.42625000000001
TRITON,64.31916666666665
SOFIE LYKKE,64.01958333333336
HG 75 NICOLINE,63.87138888888886
BRU-5,63.76180555555553
F/V ORKA II,63.215
FLEUR DE SEL,62.74472222222224
WR181 GERRITJE,62.431388888888854
F/V SAINT PHILIPPE,62.284583333333366
F/V ST EMME 2,62.16666666666669
WR57 JACOBA,61.15333333333332
ARM44,60.78097222222226
F/V OBELIX,60.60875
O83 JOKE,60.546527777777776
F/V L`EDEN,60.503333333333345
F/V ABLETTE,59.683888888888916
WR98 ELSE JEANNETTE,59.60708333333335
AMARYHA,59.56333333333331
ZK47 PIETER JOHANNES,59.44652777777777
ANIKA,58.76027777777779
BRU-68 SPERA IN DEO,58.740694444444415
ANNA-IDA KR221,58.41833333333333
MFV N93 AALSCHOLVER,57.520972222222206
HO32 SIF,57.51152777777781
F/V JUMILA,57.47305555555558
CARPE DIEM,57.11708333333332
BUTTERFLY S321,56.990277777777784
KRAP,56.935138888888915
PTIT ZICO,56.81263888888888
CAPRICORN KR180,56.3415277777778
HA75 ELIZABETH,55.59291666666671
KALIMERO,55.44152777777779
MARLIES,55.27236111111114
MFV LA CREOLE II,55.055000000000014
TX27 NOVA CURA,54.03375
F/V LE PRECURSEUR,53.90486111111116
HEIMDALL,53.52222222222223
STRANNEFJORD,53.18833333333332
KAN ATAO,53.18166666666667
KAS-KEN,53.12680555555557
HV99 ANNI DORTHE,52.91333333333331
WR71 MARRY AN,52.82527777777775
SKOLJKA,52.80236111111113
FV ARM-7,52.56291666666665
COTES DE LA MANCHE,52.557777777777765
F/V OCEANOS,52.39958333333334
BRU-14 LUCTOR ET ...,52.34750000000001
BIRTHE S149,52.22749999999999
FN 308 HELLE LOTTE,51.786527777777735
TRUST,51.6438888888889
ANTARES,50.8826388888889
RI562 DITTE JUUL,50.83930555555557
F/V SERTAN,50.824166666666706
F/V ROUDOUDOU,50.084305555555545
YE58 ICHTHUS,49.89291666666667
ADRIANNE OD3,49.56138888888888
JAKORIWI GO58,49.45777777777776
B-601 VAN MAERLANT,49.44486111111114
WL33 WILLEM ANNE,49.355555555555554
F/V LES ANTILLES,49.26861111111111
F/V LAUGRE,49.09611111111111
F/V LE LESPENHY,49.01152777777778
YE-30 OOSTERSCHELDE,48.865972222222155
ZK50  ZEEVALK,48.732222222222255
LAMBERT  GRE 37,48.712361111111115
WR122 ANNE NOELLE,48.61
R/K 26,48.600833333333334
MIE MALENE,48.56236111111112
F/V ZEPHYR,48.283333333333324
MFV BOY JOSHUA R480,48.08666666666662
PETUA,47.945416666666645
KAPETAN MIHALIS,47.793333333333315
MAUROS,47.76736111111112
F/V MANBRISA,47.70666666666666
S42 LISTA,47.363055555555576
STELLA POLARIS,47.28777777777776
F/V OURAL,47.096250000000026
MAGELLAN,46.76416666666666
STURMVOGEL,46.539861111111115
HG 80 BEATRIX,46.36847222222224
WREMEN,46.31361111111111
WK10 JOHANNA,46.19569444444442
S 249 NORDKYSTEN,46.120416666666685
CLINTON,45.701111111111096
F/V PIERRE DE JADE,45.66444444444445
MAR VIVO,45.6584722222222
F/V.MANGA-REVA,45.24194444444441
YDUN,45.23527777777776
RK37,45.202083333333306
EL MONTGO,44.82694444444445
ST24 MARIA JOSEFINA,44.68000000000003
VENUS,44.62305555555555
ANNA CAROLA,44.40902777777774
F/V DIEU A BIENFAIT,44.33902777777777
F/V BERLIO,44.24125000000002
F/V MIRLOU4,44.04805555555555
KORDIKA DVA,44.04277777777776
BRU-72 STORMVOGEL,44.0297222222222
SARAH CECILIE HG300,43.59180555555557
IDA SARA E71O,43.293472222222185
STANDSURE,43.20597222222223
A17 NEPTUN,42.80611111111109
PERZEL,42.80291666666666
NEELTJE,42.73458333333334
ALIXEL 2,42.72013888888888
SULEC,42.39874999999999
VASTERLAND,42.315972222222236
E426 RUNE EGHOLM,42.20194444444444
MARET,42.17111111111111
GRE-28 VISAREND,42.10916666666667
FRUGY,42.005972222222226
ELLUMA,41.71166666666667
NORDLAND,41.41333333333332
ESTELA Y MANUEL,41.39208333333333
DITHMARSCHEN 1,41.171527777777776
HD42 GRIETJECORNELIA,40.98222222222222
WANGERLAND,40.84000000000004
SOEREN KRISTINE HG14,40.74388888888889
BERENICE,40.707499999999996
ODESSA,40.5548611111111
MORNING STAR,40.29388888888889
CHRISTINE,40.25027777777775
SUSANNE N RS200,40.134027777777796
F/V HERMINE BASTIEN,40.13180555555555
FLAMINGO 4,40.063333333333325
MIRNA DVA,39.9497222222222
PAQUITA PEREZ,39.8483333333333
F/V POSEIDON,39.47013888888889
F/V LA MAIN DE DIEU,39.45833333333332
WR10 JOHAN PRINS,39.29930555555562
GRE 26 AVALON,38.62388888888888
F/V LE NATIF 2,38.47166666666666
F/V L`ARLEQUIN II,38.45999999999999
ZK44 VIER GEBROEDERS,38.41305555555556
TX21 PIETER VAN ARIS,38.18208333333335
ALICE PAUL 2,38.15375000000001
KRONKVIST,37.95708333333336
ARM-18,37.901944444444496
THAIS LEO,37.8273611111111
P`TIT- FAILLI,37.81736111111111
SD511 EROS III,37.78444444444446
F/V VENT DU LARGE,37.74916666666667
F/V ITA EST,37.615555555555545
UK-44 VERTROUWEN,37.42347222222224
HV 67 JUVREDYB,37.38805555555554
GEORGIOS X,37.307638888888896
GLUECKAUF,37.277222222222214
UK195 NOORDERHAAKS,37.20402777777778
F/V LE CORSE,37.06749999999999
R/K 28,36.98875
BRESTUR HG63,36.70625000000002
ZK 80  LINQUENDA,36.38333333333335
VERTROUWEN,36.31430555555556
BLEUENN,35.99458333333334
PETITE LAURA,35.90736111111111
ROXY,35.830555555555556
F/V LOKTUDI,35.61416666666666
HV42 JANNI,35.4411111111111
F/V JUPITER,35.379027777777786
NORDLICHT,35.08999999999999
WON17.CHARLOTTE,35.01125000000002
EMMELY PILEGAARD,35.00874999999999
STROMBOLI,34.84680555555556
SIGMUNDUR,34.8076388888889
WR29 LAURINA ARIETTA,34.68375000000001
F/V FILOU,34.405972222222225
UK 2 ADRIAANTJE,34.17513888888889
UK 156 POOLSTER,33.79277777777778
APOLLO,33.695833333333326
F/V MOBY-DICK,33.65819444444443
FV LA FREGATE 3,33.55236111111113
F/V SI,33.504305555555554
F/V LE SOLITAIRE,33.459166666666654
A357 HANNE DUE,33.436527777777776
TH-4 ELIZABETH,33.34097222222223
F/V LIBERTAD II,33.328472222222224
BRU 40,33.29999999999999
FN 44 HELENE SARAH,33.24444444444444
GUSTAAF EDUARD YE197,33.01930555555556
GRE21 GEORGINA,32.99944444444443
TH-5 ADRIANA-MAATJE,32.998194444444415
F/V L`ILE MAURICE,32.950694444444444
O62 DINI,32.89541666666669
RK27,32.85041666666665
WR22 JACQUELINE,32.63597222222222
MARIE LOUISE SH-16,32.48416666666666
SISOL,32.39652777777779
UK112 WILHELMINA,32.02277777777777
HERMANOS CAPARROS,31.89125
HG 31 SEDINAH,31.647638888888892
CHAVDAR,31.574861111111115
UK224,31.444027777777762
UK71 KOBUS POST,31.303333333333338
SD286 LISTERO,31.177222222222202
UK-179 ONDERNEMING,30.964722222222225
F/V EXOCET,30.954722222222184
WL20 PIETER KEES,30.890138888888885
F/V SIROCCO,30.778055555555554
FN133 HANSINE,30.749444444444435
F/V L ASTROLABE,30.630277777777767
NONAKIE,30.617361111111112
F/V SOURIRE DE L`ILE,30.61291666666667
SD562 KRAGERO,30.594999999999985
HM 119 BLUE OCEAN,30.517777777777773
F/V YANN MARY,30.40875
NIXE II,30.353749999999984
TX42 RES NOVA,30.320972222222238
HARVEST HOME,30.29472222222222
F/V  DUNMORE,30.22694444444445
MFV O152 ARAN,30.206527777777772
F/V CINTHARTH,30.119444444444433
VLI7 EBEN HAEZER,30.043472222222228
MEDUZA 3,29.866805555555555
F/V OURANOS,29.56666666666666
F/V LES BARGES,29.537500000000005
F/V ARAVIS,29.495555555555544
F/V LA ROUMASSE,29.492500000000007
MFV FREEDOM B,29.36819444444444
JOKER,29.242638888888887
FN 226 ANDREA KLITBO,29.232777777777777
HERSON,29.157638888888894
ZK23 ANSYL,29.11861111111111
FN 220 IDA MARIE,29.018749999999986
DUNJA-LYNN WR2,28.922083333333337
F/V EDEN ROC II,28.65277777777778
SD622 VANGUARD,28.53472222222222
SD 391 MARIKA,28.491805555555555
VLI 5 BLUE FIN,28.337916666666665
F/V GIMACO,28.337777777777774
FALKE,28.28819444444444
WR 111 BREEHORN,28.12055555555553
ZK21 ANNA,28.064861111111114
IVAN DIEGO,27.91180555555556
UK92 JAN-LENA,27.854861111111106
ZK37 ALDERTVANTHIJS,27.783055555555556
BR-29 EENDRACHT,27.762083333333297
NORDSKOV AS238,27.3811111111111
F/V BERCEAUDELOCEAN,27.289166666666667
UK64 MATTANJA,27.284722222222218
ARM15,27.265416666666688
SCHETLA,27.253472222222225
SV.NIKOLA,27.17638888888888
PENYAL ROIG,27.15416666666667
F/V SANTIMAX,27.12694444444444
ORKLA FR669,27.002361111111114
CHALLENGER,26.92527777777778
SD341 SUNDLAND,26.886388888888877
S 123 SILJE-SOFIE,26.83430555555556
F/V LADY CAMILLE,26.62458333333333
F/V MAGALI,26.27499999999998
FG 96 CINDY VESTER,26.163750000000004
NEREE2,26.067361111111115
BRUTUS,25.96291666666667
UK12 HOOP OP ZEGEN,25.717777777777773
ZK12 PIETER DION,25.69444444444444
ES REFALAR,25.663611111111102
FEMERNSUND,25.64819444444445
TH48 VIER GEBROEDERS,25.357361111111107
F/V P`TIT OURS,25.307777777777783
O29 BROODWINNER,25.21319444444446
WON3 VERTROUWEN,25.099861111111107
F\V CIRCE,25.043611111111108
F/V EXCALIBUR 2,25.003888888888884
HELMSAND,24.941944444444452
F/V ATALANTE,24.93166666666667
BJARKE  AS520,24.87805555555555
TS6 ARYANNE,24.726666666666652
BRU-24 LEEN-WILLEM,24.687500000000007
SD451 FERDER,24.499305555555555
RI 105 IRIS,24.489444444444445
MOBY DICK SEPTIMO,24.412222222222237
ALBATROS GRE-6,24.240555555555552
ZK10 VIJKO SR,24.156805555555547
FN 326 K LARSEN,23.953749999999996
CASILO S386,23.89291666666668
HA62 WILLEM TJITSCHE,23.876944444444455
KOL-206,23.66194444444445
F/V PENN KALET,23.593750000000004
SARAH KAJGAARD,23.58416666666667
YE 96 JAN PRINS,23.48583333333334
GOOD HOPE H357,23.465694444444445
RUGENORT,23.36513888888889
SCH-135 GALIBIER,23.22250000000001
L`AMBRE,23.157638888888894
YE6 NOOR CATHARINA,23.124444444444453
F\CHARLE MARIE 2,23.05777777777778
ZK46 ZEEMEEUW,23.00569444444445
NUEVO MOBY DICK,22.456249999999986
KG18LADEBOMADO,22.435000000000002
GULDBORG H84,22.345
BRU-8 MARINUS,22.300555555555547
F\V DESPERADO,22.286666666666665
NOR207  NOORDSTER,22.239861111111107
HESSELO HM 293,22.144861111111112
F/V AMAZONE,21.953611111111112
GOEDEKE MICHEL,21.600833333333334
F/V  EMACLES,21.479583333333338
HRVATICA,21.19708333333336
UK1 ALBERT,21.098472222222224
F/V MADISON,21.083194444444427
F/V MARILUDE2,21.05625
G\V NORTHERN DAWN,20.867500000000003
BRU-2 SCHELDESTROOM,20.67638888888888
UK168 KEES KORF,20.610555555555553
LUSITANIA PRIMERO,20.534722222222218
DZI-100,20.501944444444444
STEAUA DE MARE 1,20.45333333333333
EDELWEISS,20.16388888888889
A 421 JOMUS,20.069444444444443
HG 39 JANNIE,19.966527777777777
SOEFELT,19.96527777777778
SLETNAES S93,19.77027777777778
FV PETIT LOIC,19.51694444444444
F/V LA PASTENAGUE,19.25388888888889
ULLA LINDBLAD,19.03527777777779
F/V YANN FREDERIC,19.032638888888886
F/V VICTOR CONSTANT,18.926805555555553
GY127 HENDRIKAJACOBA,18.919027777777778
HG 102 SIGRID,18.89847222222222
AVEL AN HEOL,18.50180555555556
HA36 SCHILLHORN,18.490694444444436
F/V L OPTIMISTE,18.209305555555552
BELLATRIX IV,18.004861111111108
F/V L ABSIDE,17.93652777777778
F/V SANAGA 2,17.90680555555556
YE-78 MARGARETHA,17.742638888888898
GG32 TRISTAN,17.742083333333333
MFV Z39 ZUIDERZEE,17.715138888888895
WIKING CUX 20,17.715
F/V ND DE LA GARDE 2,17.704305555555557
UK37 URSA MINOR,17.665416666666662
UK287 MAARTEN FETSKE,17.52847222222222
SD-6 BLEIBTREU,17.440694444444446
DANUBE-BLEU II,17.42111111111111
F/V L`INSOLITE,17.399444444444452
BETANIA,17.392083333333336
LOUWE SENIOR,17.285694444444438
AQUARIUS(Z-8),17.234444444444435
ZK17 JOHANNES DIRK,17.106944444444448
F\V L`ACCENT D`ICI,17.043611111111115
HG 410 SIGNET,17.00847222222222
F/V FANIE CLEMENT 2,16.863194444444446
F/V LE SPHINX,16.82736111111111
F/V PARACOU,16.786944444444444
L`ABRI  DU MARIN 3,16.755000000000003
LABEL NORMANDY,16.72777777777778
F/V ST JOSSE IV,16.714861111111112
F/V LES VIKINGS 2,16.608472222222222
KAREN MARGRETHE,16.47888888888889
CUX1 MARE LIBERUM,16.44097222222222
RS 64 ELSE,16.35430555555556
HERMANOS NAVARRO,16.279027777777777
GEFION O41,16.26375
F/V CHALLENGER,16.23763888888889
F/V-AUSTRAL,16.206249999999994
JADE 3,16.16513888888889
PUNTA DE`S VENT,16.02666666666667
DI-JE E 61,15.84180555555556
CHRISTINA X,15.768611111111111
PALOMA,15.54402777777778
FN219 VIBIMA,15.50569444444445
F/V ARMANY,15.490833333333331
ST4 HARMEN SENIOR,15.485694444444453
GOOD FELLOWSHIP,15.393055555555557
NICOLAS E ISABEL,15.38958333333333
MFV O2 MIKE MICHEL J,15.38597222222222
FN135 CARMICH,15.374999999999998
MAUROS JEDAN,15.304305555555553
F/V LE BELIER,15.300972222222224
LAYUNO ZALLO,15.267916666666668
F/V ABRI DU MARIN,15.039444444444449
CARAIBES,15.030555555555559
CHRIS-TACHA,14.998333333333335
HA13 NIJSSIEN,14.977777777777787
PROSPERITY,14.974861111111112
F/V OCEANIE,14.748333333333335
GLITTFORS,14.739166666666668
KOL-6,14.640000000000002
ANSGAR E104,14.510277777777778
FRIEDRICH CONRADI,14.495694444444446
IJM8 RONY,14.445138888888897
NUEVO SAN SEBASTIAN,14.431250000000002
F/V MALORICK,14.380416666666672
NORDSTERN,14.368194444444446
WR 88 FIDES MAREM,14.358194444444447
F/V ANDRE YANN 1,14.32875
ND19 TELSTAR,14.31416666666667
F/V RENAISSANCE II,14.255416666666665
F/V JOSEPH,14.02847222222222
MARI GEMMA PRIMERO,13.884444444444444
F/V HEBEILAN,13.871111111111121
SAPHIR,13.593055555555555
B 65 ARTEVELDE,13.526805555555558
FV COLUMBUS NN794,13.50208333333333
SL-9 JOHANNA,13.401944444444442
MFV O.13 MORGENSTER,13.344166666666672
CAP-COZ III,13.335972222222223
F/ VL`NAIN,13.333333333333336
F/V ANTHINEAS,13.248472222222224
F/V MAB AN TARZ,13.216111111111111
H 21 MARIANNE,13.066111111111116
F/V L OCARINA,13.048472222222218
AURORA,13.006805555555555
HG55 ANNIKA,12.966666666666669
ZK8 HUNSINGO,12.94722222222222
"MFV Z55 ""GOEDE HOOP""",12.914583333333333
MYAJUJA,12.86416666666667
FN 136 PENELOPE,12.829166666666667
AS 410 SLETTERHAGE,12.690416666666668
Z35 ORA ET LABORA,12.669861111111114
MARIA GRAZIA,12.597361111111114
WR80 SIMON ALBERT,12.55375
SKIPPER PIBEN,12.487638888888887
ELLEN MAC LH272,12.485833333333334
F/V SOLITAIRE 1,12.459722222222222
OUR ANNA,12.454861111111112
F/V BARRACUDA II,12.342083333333331
ROSSO,12.269166666666663
F/V MAB FANCH,12.195138888888893
FV STELLA POLARIS,12.150694444444444
JAN BRUHNS,12.10986111111111
N86 RUDY,12.069861111111114
EMILIE FN267,12.050277777777781
Z56 PIETER,11.882916666666668
F/V PAPHIDO 2,11.688750000000004
SWI-57,11.639027777777779
F/V BLACK PEARL,11.621527777777777
FRIGG,11.518333333333333
R31 MILLE,11.502638888888892
MY WAY CK926,11.451527777777779
ALTA FR699,11.426249999999996
ZENTHA,11.256805555555555
N79 WARRIOR,11.239583333333332
UK153 LUB SENIOR,11.176666666666666
SL27,11.173333333333332
LOUARN COUZ,11.148055555555555
CHRISTIN-BETTINA,11.118472222222223
F\V ARVORIG,11.015833333333333
TRUGAREZ,11.002638888888889
F/V MERE LOUISE,10.962222222222222
STIENE BRUHNS,10.95236111111111
FULMAR 2,10.930555555555554
F/V SAILFORT,10.871527777777777
MEN DU 2,10.794722222222221
WYK2 JOHANNA LEINTJE,10.789444444444444
F/V PHOENIX,10.783333333333331
SAINTE SALSA 2,10.778750000000002
F/V NEREIDES II,10.765694444444444
JOERN OLE,10.66125
RON,10.57847222222222
IDA-KATRINE S84,10.526388888888887
F/V JULIAN BIHAN,10.519583333333337
HAVFISKEN,10.519166666666669
SAIBON LL1248,10.499027777777778
LE SANS SPE II,10.466527777777776
TURETA,10.430694444444445
YOANN-JORDAN,10.4125
UK162 GERRIT SENIOR,10.336111111111116
BALEAR SEGUNDO,10.300972222222223
F/V ST JACQUES 2,10.221805555555557
HM292 KIRSTINE V.,10.178611111111111
JOHANNA BR-10,10.094305555555549
NUEVO PUNTA NEGRA,9.974166666666665
F/V ST JEAN PIERRE,9.972916666666666
F/V LE MEDELUC,9.92708333333333
F/V STE CATHERINE,9.886666666666663
VIKEN AV EDSVIK,9.844305555555554
NOU-CAPDEPERA,9.785833333333333
F/V DELTA D`OC,9.775000000000002
RANGER,9.750555555555556
F/V MARIE-LOU III,9.733055555555554
LIOU AN AMZER,9.60625
NANTIANE SU8,9.595694444444446
F/V PETITE FOLIE III,9.592361111111108
L126 BERING SEA,9.443194444444442
S158 SARON,9.441527777777779
ROSINA,9.395833333333332
F/V EDOUARD-FRANCOIS,9.376666666666667
GIOVANI JEAN,9.322777777777778
HERMANOS CAZORLA,9.309305555555554
MARGARETE,9.284444444444444
SD 278 BRATTVAG,9.269999999999998
UK271 ESTER JACOBA,9.253333333333336
"SAS 1O7 ""CRAMPAS""",9.238611111111112
PIROLA,9.194027777777778
F/V ANITA CONTI,9.121666666666666
FLIPPER III,9.112777777777776
JAMAICA,9.105972222222224
ZK49 TWEE GEBROEDERS,9.060555555555554
CUX-12 ELENA,8.999305555555559
BUHEZ AR VRO,8.966388888888888
TX-96 LOUISE MARLOU,8.93472222222222
BELLA,8.832916666666666
ODIN,8.82638888888889
F/V MARAUDEUR,8.824722222222222
HG35 VENDELBO,8.822083333333337
LIS KATRINE RI192,8.799166666666666
F/V TCHOT POEGNANT,8.738055555555556
SD-19 CAP ARKONA,8.720833333333335
GG 690 VINGASAND,8.707777777777777
TARNO,8.702222222222222
VIKINGO,8.671666666666667
LUDIVINE F/V,8.667916666666667
NORDAHL H151,8.594583333333336
F/V L HEXAGONE,8.58875
LL425 VIKEFJORD,8.584861111111115
BRU39 LUCTOR,8.563333333333333
NF110 MIE III,8.55166666666667
F/V LAURENT GEOFFRAY,8.444444444444445
FV O82 NAUTILUS,8.384305555555553
F/V MANATHIA,8.322916666666668
H 591 LINE,8.302361111111113
ETER-VAG,8.243611111111111
NORTH SEA,8.173333333333336
SD118 KAHJO,8.158472222222223
F/V NENE FRANCINE,8.11125
F/V KADEGE,8.055555555555557
H218 METTE,7.931249999999998
F/V CH DE FOUCAULD 2,7.90513888888889
F\V AARON,7.895833333333335
F/V PATISAKA,7.883472222222222
SVANEN,7.837916666666669
TX1 KLASINA J,7.794444444444444
AMALIE BENJAMIN A59,7.7326388888888875
F/V L`ENTETE,7.687222222222222
SHRIMPHUNTER TITANIA,7.627361111111109
OXALIS,7.60277777777778
FV SOLA FIDE,7.4875
SUEDWIND,7.486805555555556
FV STE BERNADETTE,7.4475
HG 20 MALENE MEYER,7.412638888888889
F/V DANIELE MARIE,7.406111111111113
ALTAIR,7.354722222222222
OSPREY,7.208194444444444
F/V MEN-GWEN,7.1986111111111075
F\V BIENVENUE,7.161944444444444
F/V GRACE DE DIEU 2,7.161805555555555
MADSALUNE,7.046944444444446
YE243 CREADAN LADY,7.023333333333332
MEDUNA,6.990000000000002
STEFANO C.,6.933194444444443
SPIGOLA PRIMA,6.92
MILTON,6.890138888888888
HANNE,6.838055555555556
ALEMAX GT,6.82875
F/V COTE D`AMBRE,6.737916666666668
OSTWIND,6.689027777777778
F/V LA NIOULARGUE,6.664583333333334
HG 398 NITRIME,6.657916666666666
F/V PHILICHRIST,6.636944444444444
F/V RAYMOND ELISE 4,6.6305555555555555
F/V CAP PILAR,6.624722222222223
F/V MARINETTE-GUY,6.5663888888888895
F/V BILLABONG,6.551388888888889
MENEZ DU,6.48513888888889
UK94 JAN VAN CEES,6.456111111111111
TINA CUX-5,6.42513888888889
F/V LE CROISICAIS,6.382916666666666
ALBERT WLA131,6.3622222222222256
F/V ARCONA,6.275277777777777
UK 184,6.264583333333333
F/V MARE LIBERUM,6.2518055555555545
DONATO PADRE,6.2441666666666675
F/V RUPELLA,6.200277777777778
Z431 ALLES WISSELT,6.172777777777779
BRITANNIA NN791,6.115277777777778
JONAS,6.1147222222222215
L OGIEN,6.111249999999999
SHAULORA BF794,6.097361111111111
RELIANT,6.061666666666667
VG 117 KUNGSVIK,6.048611111111112
F/V MAILYS CHARLIE,6.023611111111111
PANAGIA FANEROMENI 2,6.01125
MEDUZA,5.989027777777778
F/V CATHERINE PHILIP,5.939861111111111
JESSICA M - CK157,5.904305555555555
F/V ATTALAYA BERRIA,5.878055555555557
KEEN-TIED,5.844166666666667
F/V ST CHRISTOPHE II,5.819027777777778
JOSE MARIA HERNANDEZ,5.789999999999999
R 261 LOUISE,5.782361111111111
GO9 ONDERNEMING,5.771527777777778
FV SL42,5.742638888888889
ANDROMEDA,5.735138888888888
F/V ALBATOR II,5.734583333333335
UQ 15 CAROLINE ELISE,5.730277777777777
ENSIS KG8,5.72125
WR126 VERTROUWEN,5.695416666666667
F/V CAYOLA,5.693333333333336
METTE PIA,5.687638888888888
F/V BERNADETTE,5.679027777777776
F/V FILLE DU SUET,5.675833333333334
SAS 295 BLAUWAL,5.629444444444444
LL470 STARLET,5.6238888888888905
HERMANOS HDEZ.GARCIA,5.591944444444445
LENE FISKER HG 19,5.584583333333333
ULLA     RS122,5.529861111111111
HG99 LINE DALSGAARD,5.524861111111111
NUOVO EURIPIDE,5.488888888888889
F/V VILOU,5.36361111111111
SOREN STRANDBY,5.341388888888888
LL9 SVARTSKAER,5.306527777777776
HG290 ANDREAS B,5.186944444444445
METTE JUUL HM84,5.1775
F/V LE DOLMEN,5.1425
HG 100 NOOMI,5.127777777777778
F/V MAGELLAN I,5.106944444444444
FRA SANTO,5.045277777777778
F/V L EUROPE,5.041805555555555
F/VGLORIEVIERGEMARIE,5.03763888888889
LISA MARIE,5.0318055555555565
OL12 DRIE GEBROEDERS,5.015416666666666
KEEN TIED,4.9998611111111115
F/V ROSEAU DU LAC,4.956111111111112
METEOR,4.955972222222221
INGUN,4.9222222222222225
F/V L`AS DES AS,4.8812500000000005
CHARLY DIEZ,4.87625
IVY MAY,4.846666666666668
HORIZON2FR24,4.810555555555556
F/V TANGAROA,4.803194444444446
F/V BARA PEMDEZ II,4.790972222222222
MARSCHENLAND,4.787083333333333
F/V DON LUBI II,4.729027777777778
F/V CORTO MALTESE II,4.707916666666667
UK242 KLEINE JAN,4.690555555555555
UK155 FRIENDSHIP,4.659444444444444
SCH 63 QUO VADIS,4.6561111111111115
F/V CARLA EGLANTINE,4.568194444444444
F/V MAYFLOWER,4.562916666666666
F/V.OCEANE,4.559722222222223
FV GO-48,4.533055555555555
KW145 CATHARINA,4.526666666666667
ATLANTIQUE,4.516111111111109
KREIZ AN AOD,4.513194444444445
RI320 LASIRY,4.457361111111111
F/V GUEVELLEZED 2,4.455833333333332
F/V MAGAYANT,4.432777777777777
F/V NOMADE,4.408333333333332
RANDI,4.391527777777778
H273 MONTANA,4.358472222222222
F/VLOIC2,4.352361111111112
L162 KASPER O,4.336388888888888
MAE IMACULADA,4.332222222222222
FV OD-6,4.285138888888889
F/V LE REQUIN BLEU,4.284027777777777
EINHEIT,4.216527777777777
LE LAURABRENN,4.178472222222222
SPERBER,4.094583333333333
F/V GEORGES LUCIEN,4.076944444444445
RESTLESS WAVE BH.51,4.026805555555555
F\V HERA,4.013472222222222
BRIGHT RAY LH163,3.9955555555555553
F/V BAVOLETTE 2,3.980277777777778
SCARLET CORD,3.9736111111111114
ST. ANTHONY,3.9669444444444446
S521 FRISK FISK,3.9633333333333334
UK227 ORANJE NASSAU,3.9387499999999998
F/V RIEN D`IMPOSSIBL,3.937500000000001
F/V G IMMACULEE,3.936666666666667
MOYALLON,3.920416666666666
LA TOUR D`AUVERGNE,3.887222222222222
ODYSSEUS,3.840694444444445
F/V YANN DEVI II,3.800555555555556
F/V LANGUEDOCIEN,3.793472222222222
F/V MEN GWEN,3.7820833333333335
ANNE-GRET,3.7665277777777777
LL784  LITTORINA,3.725277777777778
F/V L`IMAGINE,3.689305555555556
MFV Z84 CALYPSO,3.6030555555555557
O.316 AEGIR,3.5991666666666666
EMMALIE,3.5875000000000004
M\P BEATO PADRE PIO,3.5781944444444447
GOELO,3.5566666666666666
UK128 ALBERTJE,3.552916666666666
F/V ILE DE SIECK,3.5475000000000003
VN 2998,3.5413888888888883
F/V CHEPHREN,3.5079166666666666
F/V MARIE JEREMY,3.5062499999999996
ROSA 1,3.4904166666666665
GG 879 HANNA,3.479722222222223
EMULATOR SH83,3.4765277777777777
WLA-307,3.437222222222222
Z41 ALBERT BOS,3.4236111111111116
CASPER T,3.369305555555555
OUR KATE,3.365555555555556
INTUITION,3.355555555555555
OBLIC,3.312083333333333
PECCAVI,3.291111111111111
F/V CHARLES HONORINE,3.289027777777778
QUARTO,3.273888888888889
F/V KAN AN AEL,3.2597222222222215
ROSWIETHA,3.2556944444444453
F/V TETITAN,3.1706944444444445
HARMONIE,3.1291666666666673
GEORGIOS GEORGOULIS,3.123611111111111
GO-57 JOHANNA MARIA,3.107916666666666
GIUSEPPA MADRE,3.0915277777777774
F/V MYOSOTIS,3.085277777777778
MERIDIAN NN757,3.0745833333333343
F/V FREZAL THIBAUT,3.062638888888888
F/V  SIMPLON,3.0533333333333332
Z98OPHOOPVANZEGEN,3.0486111111111107
WESTERLY WARRIOR,3.0376388888888886
F/VEXOCET,3.0272222222222225
FANEROMENI G,3.025138888888889
JESS  CK946,2.998611111111112
F/V SAGITTAIRE,2.941111111111111
BRA7 JADE,2.936527777777778
LIS HANSA R86,2.919027777777777
F/V HEGOAK,2.909305555555556
JOHANNA MARIA,2.8747222222222226
F/V LE JOKER,2.8556944444444445
H440 BODOE,2.8354166666666667
F/V MARIE-LOU,2.8222222222222224
NANTIANE,2.8169444444444443
F/V VIRGINIE,2.8054166666666664
NG19 ELISABETH,2.7901388888888894
HA73 POSEIDON,2.724166666666666
CRUSADER M71,2.7191666666666667
UK45 JACOB WILLEMINA,2.7165277777777774
MERANO,2.7151388888888888
F/V L`OASIS,2.6994444444444436
F/V ETOILE DU BERGER,2.6956944444444444
F/V LES MISERABLES,2.690138888888889
FD283 TRUI UAN HINTE,2.6081944444444445
O.33 MARBI,2.586805555555556
BENJAMIN JEREMY,2.5727777777777776
MFV N116 NOSTALGIE,2.535277777777777
F/V LA FANETTE,2.480555555555555
VG-97 TARNO,2.4329166666666664
F/V FRISBY,2.427222222222222
VALNOBOR 3,2.4198611111111115
AS357 TRUTTE,2.410972222222222
LONE,2.360138888888889
F/V TELEMAQUE,2.356527777777778
HD 3 NIEUWEDIEP,2.3490277777777777
F/V ENTRE TERRE&MER,2.346805555555556
GG707 ARKOE,2.3388888888888886
CIUTAT DE MAO,2.3223611111111113
F/V MALUHEL,2.311527777777778
F/V LES MENHIRS,2.2890277777777777
F/V OISEAU D TEMPETE,2.280277777777778
VG55 INGAROE,2.2705555555555557
F/V DACANI,2.246111111111111
CHARLOTTE P  FN 131,2.2373611111111114
F/V WAR RAOG III,2.2177777777777776
LAND WURSTEN,2.2176388888888883
F\V MANOOTCHE,2.1920833333333336
SAN SILVESTRO,2.1623611111111107
CHO  DIEGO,2.1598611111111112
F/V LA BELLADONE,2.156527777777778
CODITREMULLA----,2.15125
F/V SEBASTIEN IX,2.1454166666666667
F/V LAURALEX,2.1425
SUNNANLAND,2.1376388888888886
FLAMINGO,2.1352777777777776
F/V PAPI PAUL,2.133055555555555
F/V LA MORDOREE,2.1223611111111107
F/V L`ESPOIR,2.1091666666666664
MFV Z15 ZILVERMEEUW,2.1034722222222224
F/V FRANCOIS ELIE,2.091527777777778
MICHAIL,2.0754166666666665
OCEAN ENDEAVOUR,2.0661111111111112
MESTRE EMILIANO,2.0425
JULIARTH,2.041388888888889
FN 484 SPIRHOLM,2.0354166666666673
F/V TH0MAS NICOLAS 2,1.9397222222222221
F/V SWI-7,1.9395833333333332
NUNO PINTO,1.938333333333333
F/V MARGUERITE,1.9155555555555552
F/V MARY CHRISTO 2,1.9144444444444446
GERDA BIANKA,1.9055555555555554
UK5 VANTAGE,1.8934722222222224
FV ROYAL SOVEREIGN,1.8876388888888889
UK264 ANNE MATTHEA,1.8661111111111115
"""DESTINY"" BRA4",1.8570833333333332
SD669 PALERMO,1.8293055555555555
F/V ARMANDECHE,1.8187499999999999
HOFFNUNG CUX10,1.7955555555555556
F/V MALINE,1.762222222222222
F/V JACQUES MARIE 2,1.7609722222222222
Z181 DUBBELE SENIOR,1.7486111111111111
YE 118 NOORDLAND,1.7418055555555558
SD991 TAERNSKAER,1.7358333333333333
TH7 ADRIANA MARIA,1.735
M JERUP,1.7006944444444445
TX38 BRANDING IV,1.6973611111111113
SD262 CARONA,1.6948611111111114
SANTUARIO BARQUERENO,1.6843055555555555
B.462 FLOWING STREAM,1.672361111111111
CLUPEA,1.6472222222222221
KAPETAN XAIRETIS,1.6416666666666666
VESTURFARID,1.6243055555555554
KORALJ,1.6138888888888887
UK47 IEDE KORNELIS,1.6086111111111108
GIOVANNI,1.5972222222222219
SIGNORA,1.5908333333333333
F/V PASIPHAE 2,1.5838888888888891
ARGYROYLA K,1.5790277777777775
WL4 HENDERIKA,1.5565277777777777
N.PESCE VOLANTE,1.5541666666666667
SC25 EVERT SNOEK,1.5305555555555554
ZUBATAC,1.5293055555555557
F/V LE BREIZH,1.5141666666666664
AMANECER,1.5083333333333333
ABBIE LOU,1.5037500000000001
WON50 BRIES,1.4923611111111112
F/V OCEANE III,1.4698611111111113
ODESOS - FISHING,1.4656944444444444
STELLA ROSSA,1.4636111111111112
O10 HYACINT,1.4568055555555557
TARNAN BATFJORDEN,1.452777777777778
SD539 GRYNING,1.4430555555555555
ADRIATICA 1,1.442222222222222
TAJA KR164,1.4266666666666667
F/V MATTHIAS-THOMAS,1.415
F/V BIEN FAIRE II,1.3986111111111108
SCOTIA BF32,1.3898611111111112
F/V RAVEN,1.3874999999999997
L INDEPENDANCE,1.386388888888889
SARA,1.384722222222222
SCHWALBE,1.3759722222222224
F/V BELLE ILE 2,1.3752777777777778
WR81 ALBERT SIMON,1.3668055555555556
SAKKAK,1.3587500000000001
MARTHA BRUHNS,1.3523611111111111
SORRENTO GY189,1.341388888888889
SILLI,1.325138888888889
F/V P.JEAN TABOUREL,1.3208333333333333
ATHENA,1.3050000000000002
BELLA-EMIL,1.2856944444444443
Z59 RAQUEL,1.2797222222222224
Z525 SYLVIA MARY,1.2788888888888894
GG451 MIA,1.2775
POLLI WRE2,1.2736111111111112
UK189 GERTJAN,1.269583333333333
SERENE DAWN,1.2530555555555556
YE 139 ELIZABETH,1.2490277777777778
Z 526 VAYA CON DIOS,1.2461111111111112
MFV HAVANA NN749,1.2377777777777779
SD258 FALKEN,1.225972222222222
F/V LAE DIVINE AMAN,1.1930555555555555
KAROLIINE,1.1569444444444443
LECUME 11,1.1327777777777779
F/V MARIAL,1.1295833333333332
FN 72 NEBRASKA,1.1181944444444443
F/V MOOREA,1.0890277777777777
MARLI J,1.081111111111111
ST2 BOREAS,1.0752777777777778
UK176 VERWACHTING,1.072361111111111
PATHWAY,1.0605555555555555
TS-9 TRIX,1.0577777777777777
F/V MEDITERRANEE,1.04875
Z483JASMINE,1.0452777777777778
F/V DENIS ALEX,1.0406944444444446
CHRISTINA MORTENSEN,1.0361111111111112
MARGRIET LT36,1.01375
NUEVO BATABANO-PRIME,1.01125
MARIA SORELLA,0.9702777777777778
F/V P`TIT ANGE,0.9637500000000001
ANDREA,0.9637499999999999
ORIZZONTE,0.9620833333333335
F/V GROS LOULOU,0.9556944444444443
LO 44 ORKA,0.9416666666666667
F/V VIDA,0.9297222222222221
VG 40 NORDVAAG,0.9284722222222224
F/V DAYTONA,0.9279166666666665
SIRIUS,0.9266666666666667
TX19 ELISABETH CHRIS,0.921388888888889
TX24 HELIOMARE,0.9204166666666668
BARA ZUR,0.9187499999999998
GV GLEANER CN777,0.9161111111111111
F/V JEREMY FLORENT,0.9156944444444445
F/V LOU SETORI 2,0.9130555555555556
CALLIOPE,0.8999999999999999
ASTUR,0.8995833333333334
TX29 HELENA ELIZABET,0.8905555555555555
F/V VINCENZO,0.8731944444444445
F/V UK 254 ANTJE,0.8719444444444444
SAVERIO-P,0.8694444444444445
F/V L`ANGEVINE,0.8656944444444445
MFV WHITE HEATHER VI,0.8534722222222221
SINGAPORE,0.8522222222222223
VENDETTA,0.8416666666666667
RUTH,0.8370833333333332
FV\MEN BRIAL,0.8338888888888889
FRANCA.TALLARICO,0.8248611111111109
F/V MIRANDA,0.8236111111111111
SD 475 HAVBRIS,0.8208333333333333
ABOUT TIME,0.8156944444444445
BARA MANN,0.81125
LA SARDANE,0.8095833333333333
UK158  WILLEM JACOB,0.8037500000000002
FV Z60 BLUE ANGEL,0.7998611111111111
F/V SOUVENIR,0.797222222222222
F/V LA CAPRICIEUSE,0.7836111111111111
F/V ARTIMON,0.7793055555555556
HD29 MORGENSTER,0.77625
KURFUERST,0.7744444444444445
GO31 MORGENSTER,0.7729166666666667
Z189 CORNELIS GERRIT,0.7675
LOUIS ELIE 2,0.7529166666666667
UK 152 SOLAR,0.7522222222222222
TX 94 AVONTUUR,0.74375
F/V KERSINY,0.7423611111111112
REX,0.74
WESTBANK,0.7348611111111112
VG29 CHRISTINA,0.7291666666666666
GO-37 EBEN HAEZER,0.7259722222222222
WR108 STELLA-MARIS,0.7048611111111109
FN374STEPHANIE.DALSO,0.7043055555555555
F/V CARPE DIEM,0.7
GRAESHOLM FN 168,0.6956944444444443
L 625 MARITANA,0.692638888888889
ANTEDON 2,0.6761111111111111
F/V LAISSE DIRE,0.6751388888888887
CHRISTIALOU,0.6740277777777779
F/V ADELINE STEPHEN,0.6697222222222221
F/V LOUIS-ANDRE,0.6651388888888891
UK197 NOORDERLICHT,0.6515277777777778
ORION,0.6334722222222223
ILONA,0.6333333333333333
SD158 LUNA,0.6265277777777778
F/V MABON III,0.6090277777777778
EL GRANDE PRIMERO,0.6059722222222222
OL-2 DE VOLHARDING,0.601111111111111
PRAIA LUSITANA,0.6002777777777777
F/V SEPIA II,0.5916666666666666
CORNELIA BR-14,0.5887500000000001
CETON,0.5873611111111111
F\V CAP NORD,0.5794444444444444
MORLE` I^,0.5726388888888888
ASTRID S264,0.5704166666666668
BROCELIANDE,0.5529166666666666
GRATEFUL,0.5527777777777778
F/V OUTSIDER,0.5452777777777778
KRISTIN,0.5429166666666667
F/V IROISE 1,0.5390277777777778
F/V LE TIBERIADE,0.5375000000000001
F/V KERSATAO,0.5369444444444444
F/V ANDRE LIVIA,0.5333333333333333
F/V TARZH AN DEIZ,0.5316666666666667
PAPISAARE,0.5290277777777777
F/V DAMOCLES,0.5270833333333333
PIRAMIDE,0.5180555555555555
F/V QUENTIN GREGOIRE,0.5081944444444445
F/V JADE 2,0.5066666666666666
WOTAN SC 9,0.5059722222222223
F/V GURE AMETZA,0.5044444444444445
PENISCOLA,0.4998611111111111
WATTENLAEUFER WYK-8,0.4901388888888889
F/V ETOILE D`ARVOR 2,0.4883333333333333
ITASCA,0.4793055555555555
HENDRIK BRANDS,0.45708333333333334
L229 LYKKE HAMETNER,0.4555555555555556
PETIT FANCH,0.4409722222222222
SC31 DR MAARTEN LUTH,0.4375
L217 SDR.NISSUM,0.4313888888888889
TX-43 BIEM V/D VIS,0.4219444444444445
F/V SEVERINE MAGALI,0.4211111111111111
MONICA,0.42027777777777775
QUANTUS PD379,0.4181944444444444
F/V AN TUAZ COZ,0.4179166666666667
M/P VINCENZO B,0.4083333333333333
EMMAUS-- ----- -----,0.40388888888888885
SC45 MARIJTJE KEUTER,0.4026388888888889
HD4 HENDRIK PETRONEL,0.40236111111111117
MINEA,0.3980555555555556
F/V JEAN RENET,0.3833333333333333
RI426 METTE JANNI,0.38222222222222224
PESCE TORPEDINE,0.3777777777777778
L`ECLIPSE,0.3704166666666667
MAREDUSA,0.3681944444444445
TX10 EMMIE,0.36333333333333334
FN 81 BETINA KRUSE,0.3477777777777778
SUNLIGHT RAY BF101,0.3469444444444445
VALKYRIE,0.34194444444444444
F/V WAR RAOG IV,0.34055555555555556
A 321 HENRIETTE DUE,0.3322222222222222
F/V KALICOBA,0.32944444444444443
SD191 SILVERON,0.32722222222222225
TX68 VERTROUWEN,0.32666666666666666
EOLE,0.3251388888888889
VIBEKE BRAM,0.3244444444444444
F/V JIMORHAN,0.32125
TX14 GRIETJE,0.3211111111111111
MESTRE JOAO RICO,0.3176388888888889
RINASCITA,0.31666666666666665
PANAGIOTA 2,0.3154166666666667
F/V GAST MICHER,0.30847222222222226
GABRIELA Y MARIA,0.3055555555555556
F/V OKATA,0.3045833333333333
TEQUILA,0.3019444444444445
MARISCO,0.3002777777777777
VICTORIA TERCERO,0.2995833333333333
CRUSTACEO,0.2995833333333333
COSTA OESTE,0.29791666666666666
F/V P`TITE CHLOE,0.2872222222222222
F/V ALCATRAZ,0.28694444444444445
MFV O51 STORMVOGEL,0.2838888888888889
WILHELMINA LT-60,0.28361111111111115
F/V MARYDIDOU,0.28347222222222224
F/V MORGANE,0.28319444444444447
WHITBY CREST,0.27861111111111114
STELLA,0.2751388888888889
VALENSCILLIA,0.2751388888888889
F/V KOL-188,0.2748611111111111
PIETAS IULIA,0.27166666666666667
S.ANGELA,0.26944444444444443
CUSTOS DEUS,0.26944444444444443
CAMELIS 2,0.2693055555555556
MARIE-PIERRE-ANDRE,0.2680555555555555
HAWTHORN,0.2670833333333333
SISINNIO PADRE,0.26666666666666666
F/V KUNGSOE,0.26666666666666666
CARLO PADRE,0.26666666666666666
F/V STELISSA,0.26666666666666666
OCEAN SPRAY,0.2665277777777778
YURII,0.2651388888888889
MARJUPE SEGUNDO,0.2648611111111111
OCEAN ROVER SN2,0.2638888888888889
F/V MARJOHEL 2,0.2626388888888889
NUEVO GODIE,0.2625
ANNE-BENTE,0.26125
UK19 MARJA NETTY,0.26055555555555554
F/V MARANELLO,0.2595833333333333
UK148 LUNAR,0.25833333333333336
F/V BARA BIHAN,0.25819444444444445
SATURNO,0.2470833333333333
F/V AGORRETA,0.22069444444444444
SELSEY PEARL,0.22055555555555556
F/V VAUBAN,0.2169444444444444
S449 MYGGENES,0.21541666666666665
GLAUBE,0.20666666666666667
F/V LE GAMIN,0.20124999999999998
F/V UK255 ALBERTINA,0.19958333333333333
DENEB,0.1973611111111111
VY15 JANE,0.19208333333333333
SD416 NIPPON,0.19152777777777777
GABBIANO,0.18611111111111112
FABIAN MELISSA 2,0.18222222222222223
F/V LYCIA,0.17847222222222223
UK149 STELLA MARIS,0.175
F/V STEREDEN AR MOOR,0.16430555555555554
EQUINANDRA,0.16194444444444442
ROLLI,0.15875000000000003
AMATHEIA,0.15333333333333335
T15 MIKI,0.14569444444444446
OSTETAL,0.14
WILHELMINA,0.1386111111111111
BRA2 BUTENDIEK,0.1373611111111111
MALLEMUKKEN,0.1361111111111111
F/V MARINE CAMILLE,0.1334722222222222
L56 ANNA LISE,0.13319444444444445
DELPHIN,0.1322222222222222
AEROUANT BREIZH,0.1302777777777778
F/V CALEBARIAN,0.12819444444444442
VG 24 MARIE,0.12777777777777774
ANASTASIA,0.1265277777777778
ZWEI GEBRUEDER,0.12625
ETENDARD,0.12041666666666667
F/V IBARDIN,0.11180555555555556
F/V BASSE GOUACH,0.09027777777777776
TX22 QUO VADIS,0.08833333333333332
F/V MEABAN,0.07694444444444444
